"","Name","Width","Height","Unmasked_Pixels","MeanGcc"
"1","/Users/alles/Workspace/phenology/PEN/tky-2006-y18_d-imported/dc_2006_001_1200+0900_TKY__y18_d.jpg",2272,1704,1288929,0.331983919043203
"2","/Users/alles/Workspace/phenology/PEN/tky-2006-y18_d-imported/dc_2006_002_1200+0900_TKY__y18_d.jpg",2272,1704,1288929,0.331789573426784
"3","/Users/alles/Workspace/phenology/PEN/tky-2006-y18_d-imported/dc_2006_003_1200+0900_TKY__y18_d.jpg",2272,1704,1288929,0.330952051591137
"4","/Users/alles/Workspace/phenology/PEN/tky-2006-y18_d-imported/dc_2006_004_1200+0900_TKY__y18_d.jpg",2272,1704,1288929,0.331184883151269
"5","/Users/alles/Workspace/phenology/PEN/tky-2006-y18_d-imported/dc_2006_005_1200+0900_TKY__y18_d.jpg",2272,1704,1288929,0.327246723513047
"6","/Users/alles/Workspace/phenology/PEN/tky-2006-y18_d-imported/dc_2006_006_1200+0900_TKY__y18_d.jpg",2272,1704,1288929,0.331567525011344
"7","/Users/alles/Workspace/phenology/PEN/tky-2006-y18_d-imported/dc_2006_007_1200+0900_TKY__y18_d.jpg",2272,1704,1288929,0.331935116317013
"8","/Users/alles/Workspace/phenology/PEN/tky-2006-y18_d-imported/dc_2006_008_1200+0900_TKY__y18_d.jpg",2272,1704,1288929,0.331320344486421
"9","/Users/alles/Workspace/phenology/PEN/tky-2006-y18_d-imported/dc_2006_009_1200+0900_TKY__y18_d.jpg",2272,1704,1288929,0.331472412172615
"10","/Users/alles/Workspace/phenology/PEN/tky-2006-y18_d-imported/dc_2006_010_1200+0900_TKY__y18_d.jpg",2272,1704,1288929,0.332862968892837
"11","/Users/alles/Workspace/phenology/PEN/tky-2006-y18_d-imported/dc_2006_011_1200+0900_TKY__y18_d.jpg",2272,1704,1288929,0.334468033231592
"12","/Users/alles/Workspace/phenology/PEN/tky-2006-y18_d-imported/dc_2006_012_1200+0900_TKY__y18_d.jpg",2272,1704,1288929,0.332123678106825
"13","/Users/alles/Workspace/phenology/PEN/tky-2006-y18_d-imported/dc_2006_013_1200+0900_TKY__y18_d.jpg",2272,1704,1288929,0.333453616656993
"14","/Users/alles/Workspace/phenology/PEN/tky-2006-y18_d-imported/dc_2006_019_1200+0900_TKY__y18_d.jpg",2272,1704,1288929,0.333417565840767
"15","/Users/alles/Workspace/phenology/PEN/tky-2006-y18_d-imported/dc_2006_020_1200+0900_TKY__y18_d.jpg",2272,1704,1288929,0.33332843271177
"16","/Users/alles/Workspace/phenology/PEN/tky-2006-y18_d-imported/dc_2006_021_1200+0900_TKY__y18_d.jpg",2272,1704,1288929,0.333379610244757
"17","/Users/alles/Workspace/phenology/PEN/tky-2006-y18_d-imported/dc_2006_022_1200+0900_TKY__y18_d.jpg",2272,1704,1288929,0.332520772281165
"18","/Users/alles/Workspace/phenology/PEN/tky-2006-y18_d-imported/dc_2006_023_1200+0900_TKY__y18_d.jpg",2272,1704,1288929,0.330115478142632
"19","/Users/alles/Workspace/phenology/PEN/tky-2006-y18_d-imported/dc_2006_024_1200+0900_TKY__y18_d.jpg",2272,1704,1288929,0.329848620817324
"20","/Users/alles/Workspace/phenology/PEN/tky-2006-y18_d-imported/dc_2006_025_1200+0900_TKY__y18_d.jpg",2272,1704,1288929,0.33143383869793
"21","/Users/alles/Workspace/phenology/PEN/tky-2006-y18_d-imported/dc_2006_026_1200+0900_TKY__y18_d.jpg",2272,1704,1288929,0.332948714043296
"22","/Users/alles/Workspace/phenology/PEN/tky-2006-y18_d-imported/dc_2006_027_1200+0900_TKY__y18_d.jpg",2272,1704,1288929,0.333132668233118
"23","/Users/alles/Workspace/phenology/PEN/tky-2006-y18_d-imported/dc_2006_028_1200+0900_TKY__y18_d.jpg",2272,1704,1288929,0.332667283103167
"24","/Users/alles/Workspace/phenology/PEN/tky-2006-y18_d-imported/dc_2006_029_1200+0900_TKY__y18_d.jpg",2272,1704,1288929,0.332503662539172
"25","/Users/alles/Workspace/phenology/PEN/tky-2006-y18_d-imported/dc_2006_030_1200+0900_TKY__y18_d.jpg",2272,1704,1288929,0.332809170199935
"26","/Users/alles/Workspace/phenology/PEN/tky-2006-y18_d-imported/dc_2006_031_1200+0900_TKY__y18_d.jpg",2272,1704,1288929,0.333547336430405
"27","/Users/alles/Workspace/phenology/PEN/tky-2006-y18_d-imported/dc_2006_032_1200+0900_TKY__y18_d.jpg",2272,1704,1288929,0.333663669238433
"28","/Users/alles/Workspace/phenology/PEN/tky-2006-y18_d-imported/dc_2006_033_1200+0900_TKY__y18_d.jpg",2272,1704,1288929,0.332822580378169
"29","/Users/alles/Workspace/phenology/PEN/tky-2006-y18_d-imported/dc_2006_034_1200+0900_TKY__y18_d.jpg",2272,1704,1288929,0.332050571803747
"30","/Users/alles/Workspace/phenology/PEN/tky-2006-y18_d-imported/dc_2006_035_1200+0900_TKY__y18_d.jpg",2272,1704,1288929,0.329103651888494
"31","/Users/alles/Workspace/phenology/PEN/tky-2006-y18_d-imported/dc_2006_036_1200+0900_TKY__y18_d.jpg",2272,1704,1288929,0.332454095717414
"32","/Users/alles/Workspace/phenology/PEN/tky-2006-y18_d-imported/dc_2006_037_1200+0900_TKY__y18_d.jpg",2272,1704,1288929,0.332701299784409
"33","/Users/alles/Workspace/phenology/PEN/tky-2006-y18_d-imported/dc_2006_038_1200+0900_TKY__y18_d.jpg",2272,1704,1288929,0.332061701513798
"34","/Users/alles/Workspace/phenology/PEN/tky-2006-y18_d-imported/dc_2006_039_1200+0900_TKY__y18_d.jpg",2272,1704,1288929,0.328937347061295
"35","/Users/alles/Workspace/phenology/PEN/tky-2006-y18_d-imported/dc_2006_040_1200+0900_TKY__y18_d.jpg",2272,1704,1288929,0.330236661502288
"36","/Users/alles/Workspace/phenology/PEN/tky-2006-y18_d-imported/dc_2006_041_1200+0900_TKY__y18_d.jpg",2272,1704,1288929,0.329566455115226
"37","/Users/alles/Workspace/phenology/PEN/tky-2006-y18_d-imported/dc_2006_042_1200+0900_TKY__y18_d.jpg",2272,1704,1288929,0.33038320299001
"38","/Users/alles/Workspace/phenology/PEN/tky-2006-y18_d-imported/dc_2006_043_1200+0900_TKY__y18_d.jpg",2272,1704,1288929,0.330771908714511
"39","/Users/alles/Workspace/phenology/PEN/tky-2006-y18_d-imported/dc_2006_044_1200+0900_TKY__y18_d.jpg",2272,1704,1288929,0.33318886224811
"40","/Users/alles/Workspace/phenology/PEN/tky-2006-y18_d-imported/dc_2006_045_1200+0900_TKY__y18_d.jpg",2272,1704,1288929,0.33368722824627
"41","/Users/alles/Workspace/phenology/PEN/tky-2006-y18_d-imported/dc_2006_046_1200+0900_TKY__y18_d.jpg",2272,1704,1288929,0.334522208839755
"42","/Users/alles/Workspace/phenology/PEN/tky-2006-y18_d-imported/dc_2006_047_1200+0900_TKY__y18_d.jpg",2272,1704,1288929,0.332898403822686
"43","/Users/alles/Workspace/phenology/PEN/tky-2006-y18_d-imported/dc_2006_048_1200+0900_TKY__y18_d.jpg",2272,1704,1288929,0.333223361489218
"44","/Users/alles/Workspace/phenology/PEN/tky-2006-y18_d-imported/dc_2006_049_1200+0900_TKY__y18_d.jpg",2272,1704,1288929,0.3333114588252
"45","/Users/alles/Workspace/phenology/PEN/tky-2006-y18_d-imported/dc_2006_050_1200+0900_TKY__y18_d.jpg",2272,1704,1288929,0.334524085949159
"46","/Users/alles/Workspace/phenology/PEN/tky-2006-y18_d-imported/dc_2006_051_1200+0900_TKY__y18_d.jpg",2272,1704,1288929,0.332809488363939
"47","/Users/alles/Workspace/phenology/PEN/tky-2006-y18_d-imported/dc_2006_052_1200+0900_TKY__y18_d.jpg",2272,1704,1288929,0.333941355112211
"48","/Users/alles/Workspace/phenology/PEN/tky-2006-y18_d-imported/dc_2006_053_1200+0900_TKY__y18_d.jpg",2272,1704,1288929,0.334233689054973
"49","/Users/alles/Workspace/phenology/PEN/tky-2006-y18_d-imported/dc_2006_054_1200+0900_TKY__y18_d.jpg",2272,1704,1288929,0.331997361164834
"50","/Users/alles/Workspace/phenology/PEN/tky-2006-y18_d-imported/dc_2006_055_1200+0900_TKY__y18_d.jpg",2272,1704,1288929,0.334446664613932
"51","/Users/alles/Workspace/phenology/PEN/tky-2006-y18_d-imported/dc_2006_056_1200+0900_TKY__y18_d.jpg",2272,1704,1288929,0.334409971419422
"52","/Users/alles/Workspace/phenology/PEN/tky-2006-y18_d-imported/dc_2006_057_1200+0900_TKY__y18_d.jpg",2272,1704,1288929,0.333229226638328
"53","/Users/alles/Workspace/phenology/PEN/tky-2006-y18_d-imported/dc_2006_058_1200+0900_TKY__y18_d.jpg",2272,1704,1288929,0.332011700784882
"54","/Users/alles/Workspace/phenology/PEN/tky-2006-y18_d-imported/dc_2006_059_1200+0900_TKY__y18_d.jpg",2272,1704,1288929,0.333310046193193
"55","/Users/alles/Workspace/phenology/PEN/tky-2006-y18_d-imported/dc_2006_060_1200+0900_TKY__y18_d.jpg",2272,1704,1288929,0.33270127414985
"56","/Users/alles/Workspace/phenology/PEN/tky-2006-y18_d-imported/dc_2006_061_1200+0900_TKY__y18_d.jpg",2272,1704,1288929,0.332883677543859
"57","/Users/alles/Workspace/phenology/PEN/tky-2006-y18_d-imported/dc_2006_062_1200+0900_TKY__y18_d.jpg",2272,1704,1288929,0.331276239649236
"58","/Users/alles/Workspace/phenology/PEN/tky-2006-y18_d-imported/dc_2006_063_1200+0900_TKY__y18_d.jpg",2272,1704,1288929,0.333079665927636
"59","/Users/alles/Workspace/phenology/PEN/tky-2006-y18_d-imported/dc_2006_064_1200+0900_TKY__y18_d.jpg",2272,1704,1288929,0.333404578255407
"60","/Users/alles/Workspace/phenology/PEN/tky-2006-y18_d-imported/dc_2006_065_1200+0900_TKY__y18_d.jpg",2272,1704,1288929,0.331743552464799
"61","/Users/alles/Workspace/phenology/PEN/tky-2006-y18_d-imported/dc_2006_066_1200+0900_TKY__y18_d.jpg",2272,1704,1288929,0.333921052006826
"62","/Users/alles/Workspace/phenology/PEN/tky-2006-y18_d-imported/dc_2006_067_1200+0900_TKY__y18_d.jpg",2272,1704,1288929,0.33488328073465
"63","/Users/alles/Workspace/phenology/PEN/tky-2006-y18_d-imported/dc_2006_068_1200+0900_TKY__y18_d.jpg",2272,1704,1288929,0.334271481507487
"64","/Users/alles/Workspace/phenology/PEN/tky-2006-y18_d-imported/dc_2006_069_1200+0900_TKY__y18_d.jpg",2272,1704,1288929,0.333753170214535
"65","/Users/alles/Workspace/phenology/PEN/tky-2006-y18_d-imported/dc_2006_070_1200+0900_TKY__y18_d.jpg",2272,1704,1288929,0.334501596469314
"66","/Users/alles/Workspace/phenology/PEN/tky-2006-y18_d-imported/dc_2006_071_1200+0900_TKY__y18_d.jpg",2272,1704,1288929,0.33202715637497
"67","/Users/alles/Workspace/phenology/PEN/tky-2006-y18_d-imported/dc_2006_072_1200+0900_TKY__y18_d.jpg",2272,1704,1288929,0.328063413477381
"68","/Users/alles/Workspace/phenology/PEN/tky-2006-y18_d-imported/dc_2006_073_1200+0900_TKY__y18_d.jpg",2272,1704,1288929,0.331718278677248
"69","/Users/alles/Workspace/phenology/PEN/tky-2006-y18_d-imported/dc_2006_074_1200+0900_TKY__y18_d.jpg",2272,1704,1288929,0.333456040240121
"70","/Users/alles/Workspace/phenology/PEN/tky-2006-y18_d-imported/dc_2006_075_1200+0900_TKY__y18_d.jpg",2272,1704,1288929,0.333483689405218
"71","/Users/alles/Workspace/phenology/PEN/tky-2006-y18_d-imported/dc_2006_076_1200+0900_TKY__y18_d.jpg",2272,1704,1288929,0.331525800088461
"72","/Users/alles/Workspace/phenology/PEN/tky-2006-y18_d-imported/dc_2006_077_1200+0900_TKY__y18_d.jpg",2272,1704,1288929,0.333911763937138
"73","/Users/alles/Workspace/phenology/PEN/tky-2006-y18_d-imported/dc_2006_078_1200+0900_TKY__y18_d.jpg",2272,1704,1288929,0.331947073318336
"74","/Users/alles/Workspace/phenology/PEN/tky-2006-y18_d-imported/dc_2006_079_1200+0900_TKY__y18_d.jpg",2272,1704,1288929,0.332476170412843
"75","/Users/alles/Workspace/phenology/PEN/tky-2006-y18_d-imported/dc_2006_080_1200+0900_TKY__y18_d.jpg",2272,1704,1288929,0.334205171434511
"76","/Users/alles/Workspace/phenology/PEN/tky-2006-y18_d-imported/dc_2006_081_1200+0900_TKY__y18_d.jpg",2272,1704,1288929,0.334333269397076
"77","/Users/alles/Workspace/phenology/PEN/tky-2006-y18_d-imported/dc_2006_082_1200+0900_TKY__y18_d.jpg",2272,1704,1288929,0.335495551225806
"78","/Users/alles/Workspace/phenology/PEN/tky-2006-y18_d-imported/dc_2006_083_1200+0900_TKY__y18_d.jpg",2272,1704,1288929,0.334837462864088
"79","/Users/alles/Workspace/phenology/PEN/tky-2006-y18_d-imported/dc_2006_084_1200+0900_TKY__y18_d.jpg",2272,1704,1288929,0.335334142275781
"80","/Users/alles/Workspace/phenology/PEN/tky-2006-y18_d-imported/dc_2006_085_1200+0900_TKY__y18_d.jpg",2272,1704,1288929,0.334415451063813
"81","/Users/alles/Workspace/phenology/PEN/tky-2006-y18_d-imported/dc_2006_086_1200+0900_TKY__y18_d.jpg",2272,1704,1288929,0.335248069733631
"82","/Users/alles/Workspace/phenology/PEN/tky-2006-y18_d-imported/dc_2006_087_1200+0900_TKY__y18_d.jpg",2272,1704,1288929,0.332280536478757
"83","/Users/alles/Workspace/phenology/PEN/tky-2006-y18_d-imported/dc_2006_088_1200+0900_TKY__y18_d.jpg",2272,1704,1288929,0.333930844953869
"84","/Users/alles/Workspace/phenology/PEN/tky-2006-y18_d-imported/dc_2006_089_1200+0900_TKY__y18_d.jpg",2272,1704,1288929,0.331766036569783
"85","/Users/alles/Workspace/phenology/PEN/tky-2006-y18_d-imported/dc_2006_090_1200+0900_TKY__y18_d.jpg",2272,1704,1288929,0.332167143776096
"86","/Users/alles/Workspace/phenology/PEN/tky-2006-y18_d-imported/dc_2006_091_1200+0900_TKY__y18_d.jpg",2272,1704,1288929,0.335410828693789
"87","/Users/alles/Workspace/phenology/PEN/tky-2006-y18_d-imported/dc_2006_092_1200+0900_TKY__y18_d.jpg",2272,1704,1288929,0.333095080067825
"88","/Users/alles/Workspace/phenology/PEN/tky-2006-y18_d-imported/dc_2006_093_1200+0900_TKY__y18_d.jpg",2272,1704,1288929,0.33224345811404
"89","/Users/alles/Workspace/phenology/PEN/tky-2006-y18_d-imported/dc_2006_094_1200+0900_TKY__y18_d.jpg",2272,1704,1288929,0.335909356663389
"90","/Users/alles/Workspace/phenology/PEN/tky-2006-y18_d-imported/dc_2006_095_1200+0900_TKY__y18_d.jpg",2272,1704,1288929,0.333370558025213
"91","/Users/alles/Workspace/phenology/PEN/tky-2006-y18_d-imported/dc_2006_096_1200+0900_TKY__y18_d.jpg",2272,1704,1288929,0.335166810254798
"92","/Users/alles/Workspace/phenology/PEN/tky-2006-y18_d-imported/dc_2006_097_1200+0900_TKY__y18_d.jpg",2272,1704,1288929,0.335990286603274
"93","/Users/alles/Workspace/phenology/PEN/tky-2006-y18_d-imported/dc_2006_098_1200+0900_TKY__y18_d.jpg",2272,1704,1288929,0.332263529462517
"94","/Users/alles/Workspace/phenology/PEN/tky-2006-y18_d-imported/dc_2006_099_1200+0900_TKY__y18_d.jpg",2272,1704,1288929,0.334599716877452
"95","/Users/alles/Workspace/phenology/PEN/tky-2006-y18_d-imported/dc_2006_100_1200+0900_TKY__y18_d.jpg",2272,1704,1288929,0.336088603938783
"96","/Users/alles/Workspace/phenology/PEN/tky-2006-y18_d-imported/dc_2006_101_1200+0900_TKY__y18_d.jpg",2272,1704,1288929,0.334163739856941
"97","/Users/alles/Workspace/phenology/PEN/tky-2006-y18_d-imported/dc_2006_102_1200+0900_TKY__y18_d.jpg",2272,1704,1288929,0.335488519092507
"98","/Users/alles/Workspace/phenology/PEN/tky-2006-y18_d-imported/dc_2006_103_1200+0900_TKY__y18_d.jpg",2272,1704,1288929,0.334781502362013
"99","/Users/alles/Workspace/phenology/PEN/tky-2006-y18_d-imported/dc_2006_104_1200+0900_TKY__y18_d.jpg",2272,1704,1288929,0.334568497612492
"100","/Users/alles/Workspace/phenology/PEN/tky-2006-y18_d-imported/dc_2006_105_1200+0900_TKY__y18_d.jpg",2272,1704,1288929,0.334846145943044
"101","/Users/alles/Workspace/phenology/PEN/tky-2006-y18_d-imported/dc_2006_106_1200+0900_TKY__y18_d.jpg",2272,1704,1288929,0.333535550571816
"102","/Users/alles/Workspace/phenology/PEN/tky-2006-y18_d-imported/dc_2006_107_1200+0900_TKY__y18_d.jpg",2272,1704,1288929,0.335336743179353
"103","/Users/alles/Workspace/phenology/PEN/tky-2006-y18_d-imported/dc_2006_108_1200+0900_TKY__y18_d.jpg",2272,1704,1288929,0.33629200494916
"104","/Users/alles/Workspace/phenology/PEN/tky-2006-y18_d-imported/dc_2006_109_1200+0900_TKY__y18_d.jpg",2272,1704,1288929,0.335971471134031
"105","/Users/alles/Workspace/phenology/PEN/tky-2006-y18_d-imported/dc_2006_110_1200+0900_TKY__y18_d.jpg",2272,1704,1288929,0.332269939467525
"106","/Users/alles/Workspace/phenology/PEN/tky-2006-y18_d-imported/dc_2006_111_1200+0900_TKY__y18_d.jpg",2272,1704,1288929,0.331152952942695
"107","/Users/alles/Workspace/phenology/PEN/tky-2006-y18_d-imported/dc_2006_112_1200+0900_TKY__y18_d.jpg",2272,1704,1288929,0.33505380859784
"108","/Users/alles/Workspace/phenology/PEN/tky-2006-y18_d-imported/dc_2006_113_1200+0900_TKY__y18_d.jpg",2272,1704,1288929,0.334522592962899
"109","/Users/alles/Workspace/phenology/PEN/tky-2006-y18_d-imported/dc_2006_114_1200+0900_TKY__y18_d.jpg",2272,1704,1288929,0.335523642577059
"110","/Users/alles/Workspace/phenology/PEN/tky-2006-y18_d-imported/dc_2006_115_1200+0900_TKY__y18_d.jpg",2272,1704,1288929,0.332496929251333
"111","/Users/alles/Workspace/phenology/PEN/tky-2006-y18_d-imported/dc_2006_116_1200+0900_TKY__y18_d.jpg",2272,1704,1288929,0.335170379025777
"112","/Users/alles/Workspace/phenology/PEN/tky-2006-y18_d-imported/dc_2006_117_1200+0900_TKY__y18_d.jpg",2272,1704,1288929,0.33444761486593
"113","/Users/alles/Workspace/phenology/PEN/tky-2006-y18_d-imported/dc_2006_118_1200+0900_TKY__y18_d.jpg",2272,1704,1288929,0.335475050392767
"114","/Users/alles/Workspace/phenology/PEN/tky-2006-y18_d-imported/dc_2006_119_1100+0900_TKY__y18_d.jpg",2272,1704,1288929,0.335373131451664
"115","/Users/alles/Workspace/phenology/PEN/tky-2006-y18_d-imported/dc_2006_120_1200+0900_TKY__y18_d.jpg",2272,1704,1288929,0.335295151427966
"116","/Users/alles/Workspace/phenology/PEN/tky-2006-y18_d-imported/dc_2006_121_1200+0900_TKY__y18_d.jpg",2272,1704,1288929,0.336879680159919
"117","/Users/alles/Workspace/phenology/PEN/tky-2006-y18_d-imported/dc_2006_122_1200+0900_TKY__y18_d.jpg",2272,1704,1288929,0.333247079586675
"118","/Users/alles/Workspace/phenology/PEN/tky-2006-y18_d-imported/dc_2006_123_1200+0900_TKY__y18_d.jpg",2272,1704,1288929,0.336280280005618
"119","/Users/alles/Workspace/phenology/PEN/tky-2006-y18_d-imported/dc_2006_124_1200+0900_TKY__y18_d.jpg",2272,1704,1288929,0.336332179295358
"120","/Users/alles/Workspace/phenology/PEN/tky-2006-y18_d-imported/dc_2006_125_1200+0900_TKY__y18_d.jpg",2272,1704,1288929,0.337186887686001
"121","/Users/alles/Workspace/phenology/PEN/tky-2006-y18_d-imported/dc_2006_126_1200+0900_TKY__y18_d.jpg",2272,1704,1288929,0.337493011538053
"122","/Users/alles/Workspace/phenology/PEN/tky-2006-y18_d-imported/dc_2006_127_1200+0900_TKY__y18_d.jpg",2272,1704,1288929,0.337731276896678
"123","/Users/alles/Workspace/phenology/PEN/tky-2006-y18_d-imported/dc_2006_128_1200+0900_TKY__y18_d.jpg",2272,1704,1288929,0.338626349894974
"124","/Users/alles/Workspace/phenology/PEN/tky-2006-y18_d-imported/dc_2006_129_1200+0900_TKY__y18_d.jpg",2272,1704,1288929,0.337158679414204
"125","/Users/alles/Workspace/phenology/PEN/tky-2006-y18_d-imported/dc_2006_130_1200+0900_TKY__y18_d.jpg",2272,1704,1288929,0.339881574590951
"126","/Users/alles/Workspace/phenology/PEN/tky-2006-y18_d-imported/dc_2006_131_1200+0900_TKY__y18_d.jpg",2272,1704,1288929,0.333779308319018
"127","/Users/alles/Workspace/phenology/PEN/tky-2006-y18_d-imported/dc_2006_132_1200+0900_TKY__y18_d.jpg",2272,1704,1288929,0.340699742301222
"128","/Users/alles/Workspace/phenology/PEN/tky-2006-y18_d-imported/dc_2006_133_1200+0900_TKY__y18_d.jpg",2272,1704,1288929,0.336730814576766
"129","/Users/alles/Workspace/phenology/PEN/tky-2006-y18_d-imported/dc_2006_134_1200+0900_TKY__y18_d.jpg",2272,1704,1288929,0.339677608950308
"130","/Users/alles/Workspace/phenology/PEN/tky-2006-y18_d-imported/dc_2006_135_1200+0900_TKY__y18_d.jpg",2272,1704,1288929,0.341462457540743
"131","/Users/alles/Workspace/phenology/PEN/tky-2006-y18_d-imported/dc_2006_136_1200+0900_TKY__y18_d.jpg",2272,1704,1288929,0.342303048035182
"132","/Users/alles/Workspace/phenology/PEN/tky-2006-y18_d-imported/dc_2006_137_1200+0900_TKY__y18_d.jpg",2272,1704,1288929,0.346182178943666
"133","/Users/alles/Workspace/phenology/PEN/tky-2006-y18_d-imported/dc_2006_138_1200+0900_TKY__y18_d.jpg",2272,1704,1288929,0.345799565086326
"134","/Users/alles/Workspace/phenology/PEN/tky-2006-y18_d-imported/dc_2006_139_1200+0900_TKY__y18_d.jpg",2272,1704,1288929,0.342332076531474
"135","/Users/alles/Workspace/phenology/PEN/tky-2006-y18_d-imported/dc_2006_140_1200+0900_TKY__y18_d.jpg",2272,1704,1288929,0.35527998473098
"136","/Users/alles/Workspace/phenology/PEN/tky-2006-y18_d-imported/dc_2006_141_1200+0900_TKY__y18_d.jpg",2272,1704,1288929,0.35803806166019
"137","/Users/alles/Workspace/phenology/PEN/tky-2006-y18_d-imported/dc_2006_142_1200+0900_TKY__y18_d.jpg",2272,1704,1288929,0.361720697274599
"138","/Users/alles/Workspace/phenology/PEN/tky-2006-y18_d-imported/dc_2006_143_1200+0900_TKY__y18_d.jpg",2272,1704,1288929,0.366698590875956
"139","/Users/alles/Workspace/phenology/PEN/tky-2006-y18_d-imported/dc_2006_144_1200+0900_TKY__y18_d.jpg",2272,1704,1288929,0.366027008213843
"140","/Users/alles/Workspace/phenology/PEN/tky-2006-y18_d-imported/dc_2006_145_1200+0900_TKY__y18_d.jpg",2272,1704,1288929,0.376798538043302
"141","/Users/alles/Workspace/phenology/PEN/tky-2006-y18_d-imported/dc_2006_146_1200+0900_TKY__y18_d.jpg",2272,1704,1288929,0.377588315649988
"142","/Users/alles/Workspace/phenology/PEN/tky-2006-y18_d-imported/dc_2006_147_1200+0900_TKY__y18_d.jpg",2272,1704,1288929,0.381809501515281
"143","/Users/alles/Workspace/phenology/PEN/tky-2006-y18_d-imported/dc_2006_148_1200+0900_TKY__y18_d.jpg",2272,1704,1288929,0.35555166449951
"144","/Users/alles/Workspace/phenology/PEN/tky-2006-y18_d-imported/dc_2006_149_1200+0900_TKY__y18_d.jpg",2272,1704,1288929,0.395996450792517
"145","/Users/alles/Workspace/phenology/PEN/tky-2006-y18_d-imported/dc_2006_150_1200+0900_TKY__y18_d.jpg",2272,1704,1288929,0.397951422338097
"146","/Users/alles/Workspace/phenology/PEN/tky-2006-y18_d-imported/dc_2006_151_1200+0900_TKY__y18_d.jpg",2272,1704,1288929,0.412767993363699
"147","/Users/alles/Workspace/phenology/PEN/tky-2006-y18_d-imported/dc_2006_152_1200+0900_TKY__y18_d.jpg",2272,1704,1288929,0.42499069097302
"148","/Users/alles/Workspace/phenology/PEN/tky-2006-y18_d-imported/dc_2006_153_1200+0900_TKY__y18_d.jpg",2272,1704,1288929,0.427474645553194
"149","/Users/alles/Workspace/phenology/PEN/tky-2006-y18_d-imported/dc_2006_154_1200+0900_TKY__y18_d.jpg",2272,1704,1288929,0.445983442793483
"150","/Users/alles/Workspace/phenology/PEN/tky-2006-y18_d-imported/dc_2006_155_1200+0900_TKY__y18_d.jpg",2272,1704,1288929,0.441196030254371
"151","/Users/alles/Workspace/phenology/PEN/tky-2006-y18_d-imported/dc_2006_156_1200+0900_TKY__y18_d.jpg",2272,1704,1288929,0.459577645298236
"152","/Users/alles/Workspace/phenology/PEN/tky-2006-y18_d-imported/dc_2006_157_1200+0900_TKY__y18_d.jpg",2272,1704,1288929,0.457020250930679
"153","/Users/alles/Workspace/phenology/PEN/tky-2006-y18_d-imported/dc_2006_158_1200+0900_TKY__y18_d.jpg",2272,1704,1288929,0.468451194172458
"154","/Users/alles/Workspace/phenology/PEN/tky-2006-y18_d-imported/dc_2006_159_1200+0900_TKY__y18_d.jpg",2272,1704,1288929,0.459882368078089
"155","/Users/alles/Workspace/phenology/PEN/tky-2006-y18_d-imported/dc_2006_160_1200+0900_TKY__y18_d.jpg",2272,1704,1288929,0.452467951367014
"156","/Users/alles/Workspace/phenology/PEN/tky-2006-y18_d-imported/dc_2006_161_1200+0900_TKY__y18_d.jpg",2272,1704,1288929,0.46426011253581
"157","/Users/alles/Workspace/phenology/PEN/tky-2006-y18_d-imported/dc_2006_162_1200+0900_TKY__y18_d.jpg",2272,1704,1288929,0.464020369381263
"158","/Users/alles/Workspace/phenology/PEN/tky-2006-y18_d-imported/dc_2006_163_1200+0900_TKY__y18_d.jpg",2272,1704,1288929,0.450950457947886
"159","/Users/alles/Workspace/phenology/PEN/tky-2006-y18_d-imported/dc_2006_164_1200+0900_TKY__y18_d.jpg",2272,1704,1288929,0.476850021110148
"160","/Users/alles/Workspace/phenology/PEN/tky-2006-y18_d-imported/dc_2006_165_1200+0900_TKY__y18_d.jpg",2272,1704,1288929,0.477395237215346
"161","/Users/alles/Workspace/phenology/PEN/tky-2006-y18_d-imported/dc_2006_166_1200+0900_TKY__y18_d.jpg",2272,1704,1288929,0.459182672009406
"162","/Users/alles/Workspace/phenology/PEN/tky-2006-y18_d-imported/dc_2006_167_1200+0900_TKY__y18_d.jpg",2272,1704,1288929,0.419731235408826
"163","/Users/alles/Workspace/phenology/PEN/tky-2006-y18_d-imported/dc_2006_168_1200+0900_TKY__y18_d.jpg",2272,1704,1288929,0.455049484008263
"164","/Users/alles/Workspace/phenology/PEN/tky-2006-y18_d-imported/dc_2006_169_1200+0900_TKY__y18_d.jpg",2272,1704,1288929,0.454870127643876
"165","/Users/alles/Workspace/phenology/PEN/tky-2006-y18_d-imported/dc_2006_170_1200+0900_TKY__y18_d.jpg",2272,1704,1288929,0.464953305586082
"166","/Users/alles/Workspace/phenology/PEN/tky-2006-y18_d-imported/dc_2006_171_1200+0900_TKY__y18_d.jpg",2272,1704,1288929,0.447502528160747
"167","/Users/alles/Workspace/phenology/PEN/tky-2006-y18_d-imported/dc_2006_172_1200+0900_TKY__y18_d.jpg",2272,1704,1288929,0.442904882844165
"168","/Users/alles/Workspace/phenology/PEN/tky-2006-y18_d-imported/dc_2006_173_1200+0900_TKY__y18_d.jpg",2272,1704,1288929,0.434792322781494
"169","/Users/alles/Workspace/phenology/PEN/tky-2006-y18_d-imported/dc_2006_174_1200+0900_TKY__y18_d.jpg",2272,1704,1288929,0.448211442050064
"170","/Users/alles/Workspace/phenology/PEN/tky-2006-y18_d-imported/dc_2006_175_1200+0900_TKY__y18_d.jpg",2272,1704,1288929,0.456601645476425
"171","/Users/alles/Workspace/phenology/PEN/tky-2006-y18_d-imported/dc_2006_176_1200+0900_TKY__y18_d.jpg",2272,1704,1288929,0.435885692171984
"172","/Users/alles/Workspace/phenology/PEN/tky-2006-y18_d-imported/dc_2006_177_1200+0900_TKY__y18_d.jpg",2272,1704,1288929,0.394584006089676
"173","/Users/alles/Workspace/phenology/PEN/tky-2006-y18_d-imported/dc_2006_178_1200+0900_TKY__y18_d.jpg",2272,1704,1288929,0.443604629769906
"174","/Users/alles/Workspace/phenology/PEN/tky-2006-y18_d-imported/dc_2006_179_1200+0900_TKY__y18_d.jpg",2272,1704,1288929,0.439634890980657
"175","/Users/alles/Workspace/phenology/PEN/tky-2006-y18_d-imported/dc_2006_180_1200+0900_TKY__y18_d.jpg",2272,1704,1288929,0.444062438147397
"176","/Users/alles/Workspace/phenology/PEN/tky-2006-y18_d-imported/dc_2006_181_1200+0900_TKY__y18_d.jpg",2272,1704,1288929,0.410491318651105
"177","/Users/alles/Workspace/phenology/PEN/tky-2006-y18_d-imported/dc_2006_182_1200+0900_TKY__y18_d.jpg",2272,1704,1288929,0.433217980967731
"178","/Users/alles/Workspace/phenology/PEN/tky-2006-y18_d-imported/dc_2006_183_1200+0900_TKY__y18_d.jpg",2272,1704,1288929,0.431655851943287
"179","/Users/alles/Workspace/phenology/PEN/tky-2006-y18_d-imported/dc_2006_184_1200+0900_TKY__y18_d.jpg",2272,1704,1288929,0.434275119760079
"180","/Users/alles/Workspace/phenology/PEN/tky-2006-y18_d-imported/dc_2006_185_1200+0900_TKY__y18_d.jpg",2272,1704,1288929,0.441570656241983
"181","/Users/alles/Workspace/phenology/PEN/tky-2006-y18_d-imported/dc_2006_186_1200+0900_TKY__y18_d.jpg",2272,1704,1288929,0.444801068224254
"182","/Users/alles/Workspace/phenology/PEN/tky-2006-y18_d-imported/dc_2006_187_1200+0900_TKY__y18_d.jpg",2272,1704,1288929,0.435516628334855
"183","/Users/alles/Workspace/phenology/PEN/tky-2006-y18_d-imported/dc_2006_188_1200+0900_TKY__y18_d.jpg",2272,1704,1288929,0.433969205949208
"184","/Users/alles/Workspace/phenology/PEN/tky-2006-y18_d-imported/dc_2006_189_1200+0900_TKY__y18_d.jpg",2272,1704,1288929,0.439394240015205
"185","/Users/alles/Workspace/phenology/PEN/tky-2006-y18_d-imported/dc_2006_190_1200+0900_TKY__y18_d.jpg",2272,1704,1288929,0.432201441918552
"186","/Users/alles/Workspace/phenology/PEN/tky-2006-y18_d-imported/dc_2006_191_1200+0900_TKY__y18_d.jpg",2272,1704,1288929,0.435310398504508
"187","/Users/alles/Workspace/phenology/PEN/tky-2006-y18_d-imported/dc_2006_192_1200+0900_TKY__y18_d.jpg",2272,1704,1288929,0.440126354383069
"188","/Users/alles/Workspace/phenology/PEN/tky-2006-y18_d-imported/dc_2006_193_1200+0900_TKY__y18_d.jpg",2272,1704,1288929,0.435869160120769
"189","/Users/alles/Workspace/phenology/PEN/tky-2006-y18_d-imported/dc_2006_194_1200+0900_TKY__y18_d.jpg",2272,1704,1288929,0.423680549146527
"190","/Users/alles/Workspace/phenology/PEN/tky-2006-y18_d-imported/dc_2006_195_1200+0900_TKY__y18_d.jpg",2272,1704,1288929,0.432694392635304
"191","/Users/alles/Workspace/phenology/PEN/tky-2006-y18_d-imported/dc_2006_196_1200+0900_TKY__y18_d.jpg",2272,1704,1288929,0.424598378610429
"192","/Users/alles/Workspace/phenology/PEN/tky-2006-y18_d-imported/dc_2006_197_1200+0900_TKY__y18_d.jpg",2272,1704,1288929,0.403160961779401
"193","/Users/alles/Workspace/phenology/PEN/tky-2006-y18_d-imported/dc_2006_198_1200+0900_TKY__y18_d.jpg",2272,1704,1288929,0.380310677587847
"194","/Users/alles/Workspace/phenology/PEN/tky-2006-y18_d-imported/dc_2006_199_1200+0900_TKY__y18_d.jpg",2272,1704,1288929,0.407232533141538
"195","/Users/alles/Workspace/phenology/PEN/tky-2006-y18_d-imported/dc_2006_200_1200+0900_TKY__y18_d.jpg",2272,1704,1288929,0.40376993385464
"196","/Users/alles/Workspace/phenology/PEN/tky-2006-y18_d-imported/dc_2006_201_1200+0900_TKY__y18_d.jpg",2272,1704,1288929,0.421498792460068
"197","/Users/alles/Workspace/phenology/PEN/tky-2006-y18_d-imported/dc_2006_202_1200+0900_TKY__y18_d.jpg",2272,1704,1288929,0.372484987044757
"198","/Users/alles/Workspace/phenology/PEN/tky-2006-y18_d-imported/dc_2006_203_1200+0900_TKY__y18_d.jpg",2272,1704,1288929,0.434547270778694
"199","/Users/alles/Workspace/phenology/PEN/tky-2006-y18_d-imported/dc_2006_204_1200+0900_TKY__y18_d.jpg",2272,1704,1288929,0.420871287132569
"200","/Users/alles/Workspace/phenology/PEN/tky-2006-y18_d-imported/dc_2006_205_1200+0900_TKY__y18_d.jpg",2272,1704,1288929,0.374673709126712
"201","/Users/alles/Workspace/phenology/PEN/tky-2006-y18_d-imported/dc_2006_206_1200+0900_TKY__y18_d.jpg",2272,1704,1288929,0.423681537510259
"202","/Users/alles/Workspace/phenology/PEN/tky-2006-y18_d-imported/dc_2006_207_1200+0900_TKY__y18_d.jpg",2272,1704,1288929,0.431485875219648
"203","/Users/alles/Workspace/phenology/PEN/tky-2006-y18_d-imported/dc_2006_208_1200+0900_TKY__y18_d.jpg",2272,1704,1288929,0.421745511278476
"204","/Users/alles/Workspace/phenology/PEN/tky-2006-y18_d-imported/dc_2006_209_1200+0900_TKY__y18_d.jpg",2272,1704,1288929,0.433030863115742
"205","/Users/alles/Workspace/phenology/PEN/tky-2006-y18_d-imported/dc_2006_210_1200+0900_TKY__y18_d.jpg",2272,1704,1288929,0.430422233126842
"206","/Users/alles/Workspace/phenology/PEN/tky-2006-y18_d-imported/dc_2006_211_1200+0900_TKY__y18_d.jpg",2272,1704,1288929,0.42677538265945
"207","/Users/alles/Workspace/phenology/PEN/tky-2006-y18_d-imported/dc_2006_212_1200+0900_TKY__y18_d.jpg",2272,1704,1288929,0.425829578081399
"208","/Users/alles/Workspace/phenology/PEN/tky-2006-y18_d-imported/dc_2006_213_1200+0900_TKY__y18_d.jpg",2272,1704,1288929,0.42502140526374
"209","/Users/alles/Workspace/phenology/PEN/tky-2006-y18_d-imported/dc_2006_214_1200+0900_TKY__y18_d.jpg",2272,1704,1288929,0.424575696320939
"210","/Users/alles/Workspace/phenology/PEN/tky-2006-y18_d-imported/dc_2006_215_1200+0900_TKY__y18_d.jpg",2272,1704,1288929,0.41597418279542
"211","/Users/alles/Workspace/phenology/PEN/tky-2006-y18_d-imported/dc_2006_216_1200+0900_TKY__y18_d.jpg",2272,1704,1288929,0.423574409628991
"212","/Users/alles/Workspace/phenology/PEN/tky-2006-y18_d-imported/dc_2006_217_1200+0900_TKY__y18_d.jpg",2272,1704,1288929,0.432027311125968
"213","/Users/alles/Workspace/phenology/PEN/tky-2006-y18_d-imported/dc_2006_218_1200+0900_TKY__y18_d.jpg",2272,1704,1288929,0.423009563974159
"214","/Users/alles/Workspace/phenology/PEN/tky-2006-y18_d-imported/dc_2006_219_1200+0900_TKY__y18_d.jpg",2272,1704,1288929,0.418059587955592
"215","/Users/alles/Workspace/phenology/PEN/tky-2006-y18_d-imported/dc_2006_220_1200+0900_TKY__y18_d.jpg",2272,1704,1288929,0.420788300977742
"216","/Users/alles/Workspace/phenology/PEN/tky-2006-y18_d-imported/dc_2006_221_1200+0900_TKY__y18_d.jpg",2272,1704,1288929,0.417487454722464
"217","/Users/alles/Workspace/phenology/PEN/tky-2006-y18_d-imported/dc_2006_222_1200+0900_TKY__y18_d.jpg",2272,1704,1288929,0.42669123443821
"218","/Users/alles/Workspace/phenology/PEN/tky-2006-y18_d-imported/dc_2006_223_1200+0900_TKY__y18_d.jpg",2272,1704,1288929,0.428196423526771
"219","/Users/alles/Workspace/phenology/PEN/tky-2006-y18_d-imported/dc_2006_224_1200+0900_TKY__y18_d.jpg",2272,1704,1288929,0.415216588278851
"220","/Users/alles/Workspace/phenology/PEN/tky-2006-y18_d-imported/dc_2006_225_1200+0900_TKY__y18_d.jpg",2272,1704,1288929,0.424239172784228
"221","/Users/alles/Workspace/phenology/PEN/tky-2006-y18_d-imported/dc_2006_226_1200+0900_TKY__y18_d.jpg",2272,1704,1288929,0.426544379698569
"222","/Users/alles/Workspace/phenology/PEN/tky-2006-y18_d-imported/dc_2006_227_1200+0900_TKY__y18_d.jpg",2272,1704,1288929,0.427598951193105
"223","/Users/alles/Workspace/phenology/PEN/tky-2006-y18_d-imported/dc_2006_228_1200+0900_TKY__y18_d.jpg",2272,1704,1288929,0.413463044207609
"224","/Users/alles/Workspace/phenology/PEN/tky-2006-y18_d-imported/dc_2006_229_1200+0900_TKY__y18_d.jpg",2272,1704,1288929,0.414415546160146
"225","/Users/alles/Workspace/phenology/PEN/tky-2006-y18_d-imported/dc_2006_230_1200+0900_TKY__y18_d.jpg",2272,1704,1288929,0.424093109847307
"226","/Users/alles/Workspace/phenology/PEN/tky-2006-y18_d-imported/dc_2006_231_1130+0900_TKY__y18_d.jpg",2272,1704,1288929,0.415009833371347
"227","/Users/alles/Workspace/phenology/PEN/tky-2006-y18_d-imported/dc_2006_232_1130+0900_TKY__y18_d.jpg",2272,1704,1288929,0.418656221853661
"228","/Users/alles/Workspace/phenology/PEN/tky-2006-y18_d-imported/dc_2006_233_1130+0900_TKY__y18_d.jpg",2272,1704,1288929,0.4156531649564
"229","/Users/alles/Workspace/phenology/PEN/tky-2006-y18_d-imported/dc_2006_234_1130+0900_TKY__y18_d.jpg",2272,1704,1288929,0.40963420668883
"230","/Users/alles/Workspace/phenology/PEN/tky-2006-y18_d-imported/dc_2006_235_1130+0900_TKY__y18_d.jpg",2272,1704,1288929,0.416733979321563
"231","/Users/alles/Workspace/phenology/PEN/tky-2006-y18_d-imported/dc_2006_236_1130+0900_TKY__y18_d.jpg",2272,1704,1288929,0.424519009760197
"232","/Users/alles/Workspace/phenology/PEN/tky-2006-y18_d-imported/dc_2006_237_1130+0900_TKY__y18_d.jpg",2272,1704,1288929,0.422474043726747
"233","/Users/alles/Workspace/phenology/PEN/tky-2006-y18_d-imported/dc_2006_238_1130+0900_TKY__y18_d.jpg",2272,1704,1288929,0.413783074791117
"234","/Users/alles/Workspace/phenology/PEN/tky-2006-y18_d-imported/dc_2006_239_1130+0900_TKY__y18_d.jpg",2272,1704,1288929,0.416389791184819
"235","/Users/alles/Workspace/phenology/PEN/tky-2006-y18_d-imported/dc_2006_240_1130+0900_TKY__y18_d.jpg",2272,1704,1288929,0.411910034289148
"236","/Users/alles/Workspace/phenology/PEN/tky-2006-y18_d-imported/dc_2006_241_1130+0900_TKY__y18_d.jpg",2272,1704,1288929,0.413336368934302
"237","/Users/alles/Workspace/phenology/PEN/tky-2006-y18_d-imported/dc_2006_242_1130+0900_TKY__y18_d.jpg",2272,1704,1288929,0.408209584681532
"238","/Users/alles/Workspace/phenology/PEN/tky-2006-y18_d-imported/dc_2006_243_1130+0900_TKY__y18_d.jpg",2272,1704,1288929,0.422036888930405
"239","/Users/alles/Workspace/phenology/PEN/tky-2006-y18_d-imported/dc_2006_244_1130+0900_TKY__y18_d.jpg",2272,1704,1288929,0.390378174342325
"240","/Users/alles/Workspace/phenology/PEN/tky-2006-y18_d-imported/dc_2006_245_1130+0900_TKY__y18_d.jpg",2272,1704,1288929,0.422767744192686
"241","/Users/alles/Workspace/phenology/PEN/tky-2006-y18_d-imported/dc_2006_246_1130+0900_TKY__y18_d.jpg",2272,1704,1288929,0.410506642075829
"242","/Users/alles/Workspace/phenology/PEN/tky-2006-y18_d-imported/dc_2006_247_1130+0900_TKY__y18_d.jpg",2272,1704,1288929,0.41930106819478
"243","/Users/alles/Workspace/phenology/PEN/tky-2006-y18_d-imported/dc_2006_248_1130+0900_TKY__y18_d.jpg",2272,1704,1288929,0.411554408401018
"244","/Users/alles/Workspace/phenology/PEN/tky-2006-y18_d-imported/dc_2006_249_1130+0900_TKY__y18_d.jpg",2272,1704,1288929,0.418239075996895
"245","/Users/alles/Workspace/phenology/PEN/tky-2006-y18_d-imported/dc_2006_250_1130+0900_TKY__y18_d.jpg",2272,1704,1288929,0.410417742209302
"246","/Users/alles/Workspace/phenology/PEN/tky-2006-y18_d-imported/dc_2006_251_1130+0900_TKY__y18_d.jpg",2272,1704,1288929,0.410973331042685
"247","/Users/alles/Workspace/phenology/PEN/tky-2006-y18_d-imported/dc_2006_252_1130+0900_TKY__y18_d.jpg",2272,1704,1288929,0.409585390407711
"248","/Users/alles/Workspace/phenology/PEN/tky-2006-y18_d-imported/dc_2006_253_1130+0900_TKY__y18_d.jpg",2272,1704,1288929,0.416733676586024
"249","/Users/alles/Workspace/phenology/PEN/tky-2006-y18_d-imported/dc_2006_254_1130+0900_TKY__y18_d.jpg",2272,1704,1288929,0.415636016277408
"250","/Users/alles/Workspace/phenology/PEN/tky-2006-y18_d-imported/dc_2006_255_1130+0900_TKY__y18_d.jpg",2272,1704,1288929,0.367121375421741
"251","/Users/alles/Workspace/phenology/PEN/tky-2006-y18_d-imported/dc_2006_256_1130+0900_TKY__y18_d.jpg",2272,1704,1288929,0.382624460693211
"252","/Users/alles/Workspace/phenology/PEN/tky-2006-y18_d-imported/dc_2006_257_1130+0900_TKY__y18_d.jpg",2272,1704,1288929,0.356068662831345
"253","/Users/alles/Workspace/phenology/PEN/tky-2006-y18_d-imported/dc_2006_258_1130+0900_TKY__y18_d.jpg",2272,1704,1288929,0.418281624751336
"254","/Users/alles/Workspace/phenology/PEN/tky-2006-y18_d-imported/dc_2006_259_1130+0900_TKY__y18_d.jpg",2272,1704,1288929,0.412453684198336
"255","/Users/alles/Workspace/phenology/PEN/tky-2006-y18_d-imported/dc_2006_260_1130+0900_TKY__y18_d.jpg",2272,1704,1288929,0.403209516677581
"256","/Users/alles/Workspace/phenology/PEN/tky-2006-y18_d-imported/dc_2006_261_1200+0900_TKY__y18_d.jpg",2272,1704,1288929,0.406874101465739
"257","/Users/alles/Workspace/phenology/PEN/tky-2006-y18_d-imported/dc_2006_262_1200+0900_TKY__y18_d.jpg",2272,1704,1288929,0.404695136089661
"258","/Users/alles/Workspace/phenology/PEN/tky-2006-y18_d-imported/dc_2006_263_1200+0900_TKY__y18_d.jpg",2272,1704,1288929,0.405216390541249
"259","/Users/alles/Workspace/phenology/PEN/tky-2006-y18_d-imported/dc_2006_264_1200+0900_TKY__y18_d.jpg",2272,1704,1288929,0.407354603160719
"260","/Users/alles/Workspace/phenology/PEN/tky-2006-y18_d-imported/dc_2006_265_1200+0900_TKY__y18_d.jpg",2272,1704,1288929,0.398152432920961
"261","/Users/alles/Workspace/phenology/PEN/tky-2006-y18_d-imported/dc_2006_266_1200+0900_TKY__y18_d.jpg",2272,1704,1288929,0.404983043884106
"262","/Users/alles/Workspace/phenology/PEN/tky-2006-y18_d-imported/dc_2006_267_1200+0900_TKY__y18_d.jpg",2272,1704,1288929,0.39828305635218
"263","/Users/alles/Workspace/phenology/PEN/tky-2006-y18_d-imported/dc_2006_268_1200+0900_TKY__y18_d.jpg",2272,1704,1288929,0.39249611159407
"264","/Users/alles/Workspace/phenology/PEN/tky-2006-y18_d-imported/dc_2006_269_1200+0900_TKY__y18_d.jpg",2272,1704,1288929,0.397571927058109
"265","/Users/alles/Workspace/phenology/PEN/tky-2006-y18_d-imported/dc_2006_270_1200+0900_TKY__y18_d.jpg",2272,1704,1288929,0.399156136656179
"266","/Users/alles/Workspace/phenology/PEN/tky-2006-y18_d-imported/dc_2006_271_1200+0900_TKY__y18_d.jpg",2272,1704,1288929,0.403599498259076
"267","/Users/alles/Workspace/phenology/PEN/tky-2006-y18_d-imported/dc_2006_272_1200+0900_TKY__y18_d.jpg",2272,1704,1288929,0.396170443675355
"268","/Users/alles/Workspace/phenology/PEN/tky-2006-y18_d-imported/dc_2006_273_1200+0900_TKY__y18_d.jpg",2272,1704,1288929,0.394481500312858
"269","/Users/alles/Workspace/phenology/PEN/tky-2006-y18_d-imported/dc_2006_274_1200+0900_TKY__y18_d.jpg",2272,1704,1288929,0.396387381548289
"270","/Users/alles/Workspace/phenology/PEN/tky-2006-y18_d-imported/dc_2006_275_1200+0900_TKY__y18_d.jpg",2272,1704,1288929,0.389846692224597
"271","/Users/alles/Workspace/phenology/PEN/tky-2006-y18_d-imported/dc_2006_276_1200+0900_TKY__y18_d.jpg",2272,1704,1288929,0.377404359620917
"272","/Users/alles/Workspace/phenology/PEN/tky-2006-y18_d-imported/dc_2006_277_1200+0900_TKY__y18_d.jpg",2272,1704,1288929,0.393145917136551
"273","/Users/alles/Workspace/phenology/PEN/tky-2006-y18_d-imported/dc_2006_278_1200+0900_TKY__y18_d.jpg",2272,1704,1288929,0.397858645079297
"274","/Users/alles/Workspace/phenology/PEN/tky-2006-y18_d-imported/dc_2006_279_1200+0900_TKY__y18_d.jpg",2272,1704,1288929,0.4045273513177
"275","/Users/alles/Workspace/phenology/PEN/tky-2006-y18_d-imported/dc_2006_280_1200+0900_TKY__y18_d.jpg",2272,1704,1288929,0.40117168409729
"276","/Users/alles/Workspace/phenology/PEN/tky-2006-y18_d-imported/dc_2006_281_1200+0900_TKY__y18_d.jpg",2272,1704,1288929,0.404581656865439
"277","/Users/alles/Workspace/phenology/PEN/tky-2006-y18_d-imported/dc_2006_282_1200+0900_TKY__y18_d.jpg",2272,1704,1288929,0.404386809893107
"278","/Users/alles/Workspace/phenology/PEN/tky-2006-y18_d-imported/dc_2006_283_1200+0900_TKY__y18_d.jpg",2272,1704,1288929,0.401630827458687
"279","/Users/alles/Workspace/phenology/PEN/tky-2006-y18_d-imported/dc_2006_284_1200+0900_TKY__y18_d.jpg",2272,1704,1288929,0.408443319514416
"280","/Users/alles/Workspace/phenology/PEN/tky-2006-y18_d-imported/dc_2006_285_1200+0900_TKY__y18_d.jpg",2272,1704,1288929,0.3953647645139
"281","/Users/alles/Workspace/phenology/PEN/tky-2006-y18_d-imported/dc_2006_286_1200+0900_TKY__y18_d.jpg",2272,1704,1288929,0.393334328356199
"282","/Users/alles/Workspace/phenology/PEN/tky-2006-y18_d-imported/dc_2006_287_1200+0900_TKY__y18_d.jpg",2272,1704,1288929,0.383568303544789
"283","/Users/alles/Workspace/phenology/PEN/tky-2006-y18_d-imported/dc_2006_288_1200+0900_TKY__y18_d.jpg",2272,1704,1288929,0.386623963396939
"284","/Users/alles/Workspace/phenology/PEN/tky-2006-y18_d-imported/dc_2006_289_1200+0900_TKY__y18_d.jpg",2272,1704,1288929,0.381901005485953
"285","/Users/alles/Workspace/phenology/PEN/tky-2006-y18_d-imported/dc_2006_290_1200+0900_TKY__y18_d.jpg",2272,1704,1288929,0.380487230220927
"286","/Users/alles/Workspace/phenology/PEN/tky-2006-y18_d-imported/dc_2006_291_1200+0900_TKY__y18_d.jpg",2272,1704,1288929,0.374653202072358
"287","/Users/alles/Workspace/phenology/PEN/tky-2006-y18_d-imported/dc_2006_292_1200+0900_TKY__y18_d.jpg",2272,1704,1288929,0.369451931309847
"288","/Users/alles/Workspace/phenology/PEN/tky-2006-y18_d-imported/dc_2006_293_1200+0900_TKY__y18_d.jpg",2272,1704,1288929,0.364758635941305
"289","/Users/alles/Workspace/phenology/PEN/tky-2006-y18_d-imported/dc_2006_294_1200+0900_TKY__y18_d.jpg",2272,1704,1288929,0.364363389262296
"290","/Users/alles/Workspace/phenology/PEN/tky-2006-y18_d-imported/dc_2006_295_1200+0900_TKY__y18_d.jpg",2272,1704,1288929,0.358975829985006
"291","/Users/alles/Workspace/phenology/PEN/tky-2006-y18_d-imported/dc_2006_296_1200+0900_TKY__y18_d.jpg",2272,1704,1288929,0.360199401270279
"292","/Users/alles/Workspace/phenology/PEN/tky-2006-y18_d-imported/dc_2006_297_1200+0900_TKY__y18_d.jpg",2272,1704,1288929,0.353882392209368
"293","/Users/alles/Workspace/phenology/PEN/tky-2006-y18_d-imported/dc_2006_298_1200+0900_TKY__y18_d.jpg",2272,1704,1288929,0.350851256534956
"294","/Users/alles/Workspace/phenology/PEN/tky-2006-y18_d-imported/dc_2006_299_1200+0900_TKY__y18_d.jpg",2272,1704,1288929,0.347107105930308
"295","/Users/alles/Workspace/phenology/PEN/tky-2006-y18_d-imported/dc_2006_300_1200+0900_TKY__y18_d.jpg",2272,1704,1288929,0.346009907334882
"296","/Users/alles/Workspace/phenology/PEN/tky-2006-y18_d-imported/dc_2006_301_1200+0900_TKY__y18_d.jpg",2272,1704,1288929,0.343890256191108
"297","/Users/alles/Workspace/phenology/PEN/tky-2006-y18_d-imported/dc_2006_302_1200+0900_TKY__y18_d.jpg",2272,1704,1288929,0.337291835508244
"298","/Users/alles/Workspace/phenology/PEN/tky-2006-y18_d-imported/dc_2006_303_1200+0900_TKY__y18_d.jpg",2272,1704,1288929,0.3376942652151
"299","/Users/alles/Workspace/phenology/PEN/tky-2006-y18_d-imported/dc_2006_304_1200+0900_TKY__y18_d.jpg",2272,1704,1288929,0.335683941504222
"300","/Users/alles/Workspace/phenology/PEN/tky-2006-y18_d-imported/dc_2006_305_1200+0900_TKY__y18_d.jpg",2272,1704,1288929,0.334166504220339
"301","/Users/alles/Workspace/phenology/PEN/tky-2006-y18_d-imported/dc_2006_306_1200+0900_TKY__y18_d.jpg",2272,1704,1288929,0.333126951561689
"302","/Users/alles/Workspace/phenology/PEN/tky-2006-y18_d-imported/dc_2006_307_1200+0900_TKY__y18_d.jpg",2272,1704,1288929,0.332212459302381
"303","/Users/alles/Workspace/phenology/PEN/tky-2006-y18_d-imported/dc_2006_308_1200+0900_TKY__y18_d.jpg",2272,1704,1288929,0.332519139950112
"304","/Users/alles/Workspace/phenology/PEN/tky-2006-y18_d-imported/dc_2006_309_1200+0900_TKY__y18_d.jpg",2272,1704,1288929,0.333277805648652
"305","/Users/alles/Workspace/phenology/PEN/tky-2006-y18_d-imported/dc_2006_310_1200+0900_TKY__y18_d.jpg",2272,1704,1288929,0.334542170265241
"306","/Users/alles/Workspace/phenology/PEN/tky-2006-y18_d-imported/dc_2006_311_1200+0900_TKY__y18_d.jpg",2272,1704,1288929,0.336899245992935
"307","/Users/alles/Workspace/phenology/PEN/tky-2006-y18_d-imported/dc_2006_312_1200+0900_TKY__y18_d.jpg",2272,1704,1288929,0.336091765656422
"308","/Users/alles/Workspace/phenology/PEN/tky-2006-y18_d-imported/dc_2006_313_1200+0900_TKY__y18_d.jpg",2272,1704,1288929,0.336374406021216
"309","/Users/alles/Workspace/phenology/PEN/tky-2006-y18_d-imported/dc_2006_314_1200+0900_TKY__y18_d.jpg",2272,1704,1288929,0.33711191449838
"310","/Users/alles/Workspace/phenology/PEN/tky-2006-y18_d-imported/dc_2006_315_1200+0900_TKY__y18_d.jpg",2272,1704,1288929,0.336736247419355
"311","/Users/alles/Workspace/phenology/PEN/tky-2006-y18_d-imported/dc_2006_316_1200+0900_TKY__y18_d.jpg",2272,1704,1288929,0.330575831489461
"312","/Users/alles/Workspace/phenology/PEN/tky-2006-y18_d-imported/dc_2006_317_1200+0900_TKY__y18_d.jpg",2272,1704,1288929,0.334903443956336
"313","/Users/alles/Workspace/phenology/PEN/tky-2006-y18_d-imported/dc_2006_318_1200+0900_TKY__y18_d.jpg",2272,1704,1288929,0.334797311963853
"314","/Users/alles/Workspace/phenology/PEN/tky-2006-y18_d-imported/dc_2006_319_1200+0900_TKY__y18_d.jpg",2272,1704,1288929,0.336157016138756
"315","/Users/alles/Workspace/phenology/PEN/tky-2006-y18_d-imported/dc_2006_320_1200+0900_TKY__y18_d.jpg",2272,1704,1288929,0.336149483840258
"316","/Users/alles/Workspace/phenology/PEN/tky-2006-y18_d-imported/dc_2006_321_1200+0900_TKY__y18_d.jpg",2272,1704,1288929,0.336029654084363
"317","/Users/alles/Workspace/phenology/PEN/tky-2006-y18_d-imported/dc_2006_322_1200+0900_TKY__y18_d.jpg",2272,1704,1288929,0.336819125652458
"318","/Users/alles/Workspace/phenology/PEN/tky-2006-y18_d-imported/dc_2006_323_1200+0900_TKY__y18_d.jpg",2272,1704,1288929,0.336620411166146
"319","/Users/alles/Workspace/phenology/PEN/tky-2006-y18_d-imported/dc_2006_324_1200+0900_TKY__y18_d.jpg",2272,1704,1288929,0.336767456828735
"320","/Users/alles/Workspace/phenology/PEN/tky-2006-y18_d-imported/dc_2006_325_1200+0900_TKY__y18_d.jpg",2272,1704,1288929,0.337076954301915
"321","/Users/alles/Workspace/phenology/PEN/tky-2006-y18_d-imported/dc_2006_326_1200+0900_TKY__y18_d.jpg",2272,1704,1288929,0.336786655383428
"322","/Users/alles/Workspace/phenology/PEN/tky-2006-y18_d-imported/dc_2006_327_1200+0900_TKY__y18_d.jpg",2272,1704,1288929,0.332084503639781
"323","/Users/alles/Workspace/phenology/PEN/tky-2006-y18_d-imported/dc_2006_328_1200+0900_TKY__y18_d.jpg",2272,1704,1288929,0.334517914878747
"324","/Users/alles/Workspace/phenology/PEN/tky-2006-y18_d-imported/dc_2006_329_1200+0900_TKY__y18_d.jpg",2272,1704,1288929,0.33620563856077
"325","/Users/alles/Workspace/phenology/PEN/tky-2006-y18_d-imported/dc_2006_330_1200+0900_TKY__y18_d.jpg",2272,1704,1288929,0.33645681003745
"326","/Users/alles/Workspace/phenology/PEN/tky-2006-y18_d-imported/dc_2006_331_1200+0900_TKY__y18_d.jpg",2272,1704,1288929,0.334426237301949
"327","/Users/alles/Workspace/phenology/PEN/tky-2006-y18_d-imported/dc_2006_332_1200+0900_TKY__y18_d.jpg",2272,1704,1288929,0.337585372594085
"328","/Users/alles/Workspace/phenology/PEN/tky-2006-y18_d-imported/dc_2006_333_1200+0900_TKY__y18_d.jpg",2272,1704,1288929,0.335676705906644
"329","/Users/alles/Workspace/phenology/PEN/tky-2006-y18_d-imported/dc_2006_334_1200+0900_TKY__y18_d.jpg",2272,1704,1288929,0.334953602129782
"330","/Users/alles/Workspace/phenology/PEN/tky-2006-y18_d-imported/dc_2006_335_1200+0900_TKY__y18_d.jpg",2272,1704,1288929,0.332026732309123
"331","/Users/alles/Workspace/phenology/PEN/tky-2006-y18_d-imported/dc_2006_336_1200+0900_TKY__y18_d.jpg",2272,1704,1288929,0.331071100786018
"332","/Users/alles/Workspace/phenology/PEN/tky-2006-y18_d-imported/dc_2006_337_1200+0900_TKY__y18_d.jpg",2272,1704,1288929,0.331574649651468
"333","/Users/alles/Workspace/phenology/PEN/tky-2006-y18_d-imported/dc_2006_338_1200+0900_TKY__y18_d.jpg",2272,1704,1288929,0.331828518384143
"334","/Users/alles/Workspace/phenology/PEN/tky-2006-y18_d-imported/dc_2006_339_1200+0900_TKY__y18_d.jpg",2272,1704,1288929,0.332501326731937
"335","/Users/alles/Workspace/phenology/PEN/tky-2006-y18_d-imported/dc_2006_340_1200+0900_TKY__y18_d.jpg",2272,1704,1288929,0.333231479193119
"336","/Users/alles/Workspace/phenology/PEN/tky-2006-y18_d-imported/dc_2006_341_1200+0900_TKY__y18_d.jpg",2272,1704,1288929,0.334641419172352
"337","/Users/alles/Workspace/phenology/PEN/tky-2006-y18_d-imported/dc_2006_342_1200+0900_TKY__y18_d.jpg",2272,1704,1288929,0.331632130708453
"338","/Users/alles/Workspace/phenology/PEN/tky-2006-y18_d-imported/dc_2006_343_1200+0900_TKY__y18_d.jpg",2272,1704,1288929,0.334891858006155
"339","/Users/alles/Workspace/phenology/PEN/tky-2006-y18_d-imported/dc_2006_344_1201+0900_TKY__y18_d.jpg",2272,1704,1288929,0.331240300832384
"340","/Users/alles/Workspace/phenology/PEN/tky-2006-y18_d-imported/dc_2006_345_1200+0900_TKY__y18_d.jpg",2272,1704,1288929,0.33453727448935
"341","/Users/alles/Workspace/phenology/PEN/tky-2006-y18_d-imported/dc_2006_346_1200+0900_TKY__y18_d.jpg",2272,1704,1288929,0.33006658146935
"342","/Users/alles/Workspace/phenology/PEN/tky-2006-y18_d-imported/dc_2006_347_1200+0900_TKY__y18_d.jpg",2272,1704,1288929,0.334582017731643
"343","/Users/alles/Workspace/phenology/PEN/tky-2006-y18_d-imported/dc_2006_348_1200+0900_TKY__y18_d.jpg",2272,1704,1288929,0.335657283025629
"344","/Users/alles/Workspace/phenology/PEN/tky-2006-y18_d-imported/dc_2006_349_1200+0900_TKY__y18_d.jpg",2272,1704,1288929,0.332535711962601
"345","/Users/alles/Workspace/phenology/PEN/tky-2006-y18_d-imported/dc_2006_350_1200+0900_TKY__y18_d.jpg",2272,1704,1288929,0.335919974958285
"346","/Users/alles/Workspace/phenology/PEN/tky-2006-y18_d-imported/dc_2006_351_1200+0900_TKY__y18_d.jpg",2272,1704,1288929,0.33200435901037
"347","/Users/alles/Workspace/phenology/PEN/tky-2006-y18_d-imported/dc_2006_352_1200+0900_TKY__y18_d.jpg",2272,1704,1288929,0.331312103173405
"348","/Users/alles/Workspace/phenology/PEN/tky-2006-y18_d-imported/dc_2006_353_1200+0900_TKY__y18_d.jpg",2272,1704,1288929,0.333078276114505
"349","/Users/alles/Workspace/phenology/PEN/tky-2006-y18_d-imported/dc_2006_354_1200+0900_TKY__y18_d.jpg",2272,1704,1288929,0.333935192039589
"350","/Users/alles/Workspace/phenology/PEN/tky-2006-y18_d-imported/dc_2006_355_1200+0900_TKY__y18_d.jpg",2272,1704,1288929,0.334632027022485
"351","/Users/alles/Workspace/phenology/PEN/tky-2006-y18_d-imported/dc_2006_356_1200+0900_TKY__y18_d.jpg",2272,1704,1288929,0.333169348948892
"352","/Users/alles/Workspace/phenology/PEN/tky-2006-y18_d-imported/dc_2006_357_1200+0900_TKY__y18_d.jpg",2272,1704,1288929,0.334398131308311
"353","/Users/alles/Workspace/phenology/PEN/tky-2006-y18_d-imported/dc_2006_358_1200+0900_TKY__y18_d.jpg",2272,1704,1288929,0.333703178110749
"354","/Users/alles/Workspace/phenology/PEN/tky-2006-y18_d-imported/dc_2006_359_1200+0900_TKY__y18_d.jpg",2272,1704,1288929,0.334589297401527
"355","/Users/alles/Workspace/phenology/PEN/tky-2006-y18_d-imported/dc_2006_360_1200+0900_TKY__y18_d.jpg",2272,1704,1288929,0.334986005878506
"356","/Users/alles/Workspace/phenology/PEN/tky-2006-y18_d-imported/dc_2006_361_1200+0900_TKY__y18_d.jpg",2272,1704,1288929,0.332493897188731
"357","/Users/alles/Workspace/phenology/PEN/tky-2006-y18_d-imported/dc_2006_362_1200+0900_TKY__y18_d.jpg",2272,1704,1288929,0.329510833250955
"358","/Users/alles/Workspace/phenology/PEN/tky-2006-y18_d-imported/dc_2006_363_1200+0900_TKY__y18_d.jpg",2272,1704,1288929,0.330540338114207
"359","/Users/alles/Workspace/phenology/PEN/tky-2006-y18_d-imported/dc_2006_364_1200+0900_TKY__y18_d.jpg",2272,1704,1288929,0.331863062232287
"360","/Users/alles/Workspace/phenology/PEN/tky-2006-y18_d-imported/dc_2006_365_1200+0900_TKY__y18_d.jpg",2272,1704,1288929,0.332245534564861
