"","Name","Width","Height","Unmasked_Pixels","MeanRcc"
"1","/Users/alles/Workspace/phenology/PEN/tky-2006-y18_d-imported/dc_2006_001_1200+0900_TKY__y18_d.jpg",2272,1704,1288929,0.321365596394933
"2","/Users/alles/Workspace/phenology/PEN/tky-2006-y18_d-imported/dc_2006_002_1200+0900_TKY__y18_d.jpg",2272,1704,1288929,0.316636565899803
"3","/Users/alles/Workspace/phenology/PEN/tky-2006-y18_d-imported/dc_2006_003_1200+0900_TKY__y18_d.jpg",2272,1704,1288929,0.308204277816875
"4","/Users/alles/Workspace/phenology/PEN/tky-2006-y18_d-imported/dc_2006_004_1200+0900_TKY__y18_d.jpg",2272,1704,1288929,0.306920921065568
"5","/Users/alles/Workspace/phenology/PEN/tky-2006-y18_d-imported/dc_2006_005_1200+0900_TKY__y18_d.jpg",2272,1704,1288929,0.299518852297869
"6","/Users/alles/Workspace/phenology/PEN/tky-2006-y18_d-imported/dc_2006_006_1200+0900_TKY__y18_d.jpg",2272,1704,1288929,0.314519395676602
"7","/Users/alles/Workspace/phenology/PEN/tky-2006-y18_d-imported/dc_2006_007_1200+0900_TKY__y18_d.jpg",2272,1704,1288929,0.315742504389977
"8","/Users/alles/Workspace/phenology/PEN/tky-2006-y18_d-imported/dc_2006_008_1200+0900_TKY__y18_d.jpg",2272,1704,1288929,0.312034815721059
"9","/Users/alles/Workspace/phenology/PEN/tky-2006-y18_d-imported/dc_2006_009_1200+0900_TKY__y18_d.jpg",2272,1704,1288929,0.319983928957679
"10","/Users/alles/Workspace/phenology/PEN/tky-2006-y18_d-imported/dc_2006_010_1200+0900_TKY__y18_d.jpg",2272,1704,1288929,0.318306733219991
"11","/Users/alles/Workspace/phenology/PEN/tky-2006-y18_d-imported/dc_2006_011_1200+0900_TKY__y18_d.jpg",2272,1704,1288929,0.32346181177314
"12","/Users/alles/Workspace/phenology/PEN/tky-2006-y18_d-imported/dc_2006_012_1200+0900_TKY__y18_d.jpg",2272,1704,1288929,0.317717647677983
"13","/Users/alles/Workspace/phenology/PEN/tky-2006-y18_d-imported/dc_2006_013_1200+0900_TKY__y18_d.jpg",2272,1704,1288929,0.321833248279183
"14","/Users/alles/Workspace/phenology/PEN/tky-2006-y18_d-imported/dc_2006_019_1200+0900_TKY__y18_d.jpg",2272,1704,1288929,0.328589820649817
"15","/Users/alles/Workspace/phenology/PEN/tky-2006-y18_d-imported/dc_2006_020_1200+0900_TKY__y18_d.jpg",2272,1704,1288929,0.329985100351953
"16","/Users/alles/Workspace/phenology/PEN/tky-2006-y18_d-imported/dc_2006_021_1200+0900_TKY__y18_d.jpg",2272,1704,1288929,0.324127819011928
"17","/Users/alles/Workspace/phenology/PEN/tky-2006-y18_d-imported/dc_2006_022_1200+0900_TKY__y18_d.jpg",2272,1704,1288929,0.324582866390715
"18","/Users/alles/Workspace/phenology/PEN/tky-2006-y18_d-imported/dc_2006_023_1200+0900_TKY__y18_d.jpg",2272,1704,1288929,0.306914173395528
"19","/Users/alles/Workspace/phenology/PEN/tky-2006-y18_d-imported/dc_2006_024_1200+0900_TKY__y18_d.jpg",2272,1704,1288929,0.309347675882977
"20","/Users/alles/Workspace/phenology/PEN/tky-2006-y18_d-imported/dc_2006_025_1200+0900_TKY__y18_d.jpg",2272,1704,1288929,0.320010335447022
"21","/Users/alles/Workspace/phenology/PEN/tky-2006-y18_d-imported/dc_2006_026_1200+0900_TKY__y18_d.jpg",2272,1704,1288929,0.317297416522514
"22","/Users/alles/Workspace/phenology/PEN/tky-2006-y18_d-imported/dc_2006_027_1200+0900_TKY__y18_d.jpg",2272,1704,1288929,0.318356051023335
"23","/Users/alles/Workspace/phenology/PEN/tky-2006-y18_d-imported/dc_2006_028_1200+0900_TKY__y18_d.jpg",2272,1704,1288929,0.317602855459882
"24","/Users/alles/Workspace/phenology/PEN/tky-2006-y18_d-imported/dc_2006_029_1200+0900_TKY__y18_d.jpg",2272,1704,1288929,0.325183959564386
"25","/Users/alles/Workspace/phenology/PEN/tky-2006-y18_d-imported/dc_2006_030_1200+0900_TKY__y18_d.jpg",2272,1704,1288929,0.323226975695048
"26","/Users/alles/Workspace/phenology/PEN/tky-2006-y18_d-imported/dc_2006_031_1200+0900_TKY__y18_d.jpg",2272,1704,1288929,0.313570800296411
"27","/Users/alles/Workspace/phenology/PEN/tky-2006-y18_d-imported/dc_2006_032_1200+0900_TKY__y18_d.jpg",2272,1704,1288929,0.322287057301222
"28","/Users/alles/Workspace/phenology/PEN/tky-2006-y18_d-imported/dc_2006_033_1200+0900_TKY__y18_d.jpg",2272,1704,1288929,0.317484903911393
"29","/Users/alles/Workspace/phenology/PEN/tky-2006-y18_d-imported/dc_2006_034_1200+0900_TKY__y18_d.jpg",2272,1704,1288929,0.308471011856156
"30","/Users/alles/Workspace/phenology/PEN/tky-2006-y18_d-imported/dc_2006_035_1200+0900_TKY__y18_d.jpg",2272,1704,1288929,0.309047193074664
"31","/Users/alles/Workspace/phenology/PEN/tky-2006-y18_d-imported/dc_2006_036_1200+0900_TKY__y18_d.jpg",2272,1704,1288929,0.316215697958484
"32","/Users/alles/Workspace/phenology/PEN/tky-2006-y18_d-imported/dc_2006_037_1200+0900_TKY__y18_d.jpg",2272,1704,1288929,0.320795213063969
"33","/Users/alles/Workspace/phenology/PEN/tky-2006-y18_d-imported/dc_2006_038_1200+0900_TKY__y18_d.jpg",2272,1704,1288929,0.312491179956595
"34","/Users/alles/Workspace/phenology/PEN/tky-2006-y18_d-imported/dc_2006_039_1200+0900_TKY__y18_d.jpg",2272,1704,1288929,0.299843179187452
"35","/Users/alles/Workspace/phenology/PEN/tky-2006-y18_d-imported/dc_2006_040_1200+0900_TKY__y18_d.jpg",2272,1704,1288929,0.309710942327627
"36","/Users/alles/Workspace/phenology/PEN/tky-2006-y18_d-imported/dc_2006_041_1200+0900_TKY__y18_d.jpg",2272,1704,1288929,0.309667605295892
"37","/Users/alles/Workspace/phenology/PEN/tky-2006-y18_d-imported/dc_2006_042_1200+0900_TKY__y18_d.jpg",2272,1704,1288929,0.312589385578751
"38","/Users/alles/Workspace/phenology/PEN/tky-2006-y18_d-imported/dc_2006_043_1200+0900_TKY__y18_d.jpg",2272,1704,1288929,0.314282559296145
"39","/Users/alles/Workspace/phenology/PEN/tky-2006-y18_d-imported/dc_2006_044_1200+0900_TKY__y18_d.jpg",2272,1704,1288929,0.324226826065876
"40","/Users/alles/Workspace/phenology/PEN/tky-2006-y18_d-imported/dc_2006_045_1200+0900_TKY__y18_d.jpg",2272,1704,1288929,0.322604543725948
"41","/Users/alles/Workspace/phenology/PEN/tky-2006-y18_d-imported/dc_2006_046_1200+0900_TKY__y18_d.jpg",2272,1704,1288929,0.329799654507384
"42","/Users/alles/Workspace/phenology/PEN/tky-2006-y18_d-imported/dc_2006_047_1200+0900_TKY__y18_d.jpg",2272,1704,1288929,0.305345194844841
"43","/Users/alles/Workspace/phenology/PEN/tky-2006-y18_d-imported/dc_2006_048_1200+0900_TKY__y18_d.jpg",2272,1704,1288929,0.322147082248317
"44","/Users/alles/Workspace/phenology/PEN/tky-2006-y18_d-imported/dc_2006_049_1200+0900_TKY__y18_d.jpg",2272,1704,1288929,0.325693539866951
"45","/Users/alles/Workspace/phenology/PEN/tky-2006-y18_d-imported/dc_2006_050_1200+0900_TKY__y18_d.jpg",2272,1704,1288929,0.329875168921891
"46","/Users/alles/Workspace/phenology/PEN/tky-2006-y18_d-imported/dc_2006_051_1200+0900_TKY__y18_d.jpg",2272,1704,1288929,0.31407682656858
"47","/Users/alles/Workspace/phenology/PEN/tky-2006-y18_d-imported/dc_2006_052_1200+0900_TKY__y18_d.jpg",2272,1704,1288929,0.328105995977341
"48","/Users/alles/Workspace/phenology/PEN/tky-2006-y18_d-imported/dc_2006_053_1200+0900_TKY__y18_d.jpg",2272,1704,1288929,0.328423581207833
"49","/Users/alles/Workspace/phenology/PEN/tky-2006-y18_d-imported/dc_2006_054_1200+0900_TKY__y18_d.jpg",2272,1704,1288929,0.313865143645611
"50","/Users/alles/Workspace/phenology/PEN/tky-2006-y18_d-imported/dc_2006_055_1200+0900_TKY__y18_d.jpg",2272,1704,1288929,0.330679404166716
"51","/Users/alles/Workspace/phenology/PEN/tky-2006-y18_d-imported/dc_2006_056_1200+0900_TKY__y18_d.jpg",2272,1704,1288929,0.328945775840373
"52","/Users/alles/Workspace/phenology/PEN/tky-2006-y18_d-imported/dc_2006_057_1200+0900_TKY__y18_d.jpg",2272,1704,1288929,0.324155346540937
"53","/Users/alles/Workspace/phenology/PEN/tky-2006-y18_d-imported/dc_2006_058_1200+0900_TKY__y18_d.jpg",2272,1704,1288929,0.315701630546158
"54","/Users/alles/Workspace/phenology/PEN/tky-2006-y18_d-imported/dc_2006_059_1200+0900_TKY__y18_d.jpg",2272,1704,1288929,0.326883546005491
"55","/Users/alles/Workspace/phenology/PEN/tky-2006-y18_d-imported/dc_2006_060_1200+0900_TKY__y18_d.jpg",2272,1704,1288929,0.318324409117908
"56","/Users/alles/Workspace/phenology/PEN/tky-2006-y18_d-imported/dc_2006_061_1200+0900_TKY__y18_d.jpg",2272,1704,1288929,0.320610345085678
"57","/Users/alles/Workspace/phenology/PEN/tky-2006-y18_d-imported/dc_2006_062_1200+0900_TKY__y18_d.jpg",2272,1704,1288929,0.310480316703496
"58","/Users/alles/Workspace/phenology/PEN/tky-2006-y18_d-imported/dc_2006_063_1200+0900_TKY__y18_d.jpg",2272,1704,1288929,0.321276528839782
"59","/Users/alles/Workspace/phenology/PEN/tky-2006-y18_d-imported/dc_2006_064_1200+0900_TKY__y18_d.jpg",2272,1704,1288929,0.321684927201341
"60","/Users/alles/Workspace/phenology/PEN/tky-2006-y18_d-imported/dc_2006_065_1200+0900_TKY__y18_d.jpg",2272,1704,1288929,0.310060892630962
"61","/Users/alles/Workspace/phenology/PEN/tky-2006-y18_d-imported/dc_2006_066_1200+0900_TKY__y18_d.jpg",2272,1704,1288929,0.327011252033748
"62","/Users/alles/Workspace/phenology/PEN/tky-2006-y18_d-imported/dc_2006_067_1200+0900_TKY__y18_d.jpg",2272,1704,1288929,0.333287164143684
"63","/Users/alles/Workspace/phenology/PEN/tky-2006-y18_d-imported/dc_2006_068_1200+0900_TKY__y18_d.jpg",2272,1704,1288929,0.329470177493333
"64","/Users/alles/Workspace/phenology/PEN/tky-2006-y18_d-imported/dc_2006_069_1200+0900_TKY__y18_d.jpg",2272,1704,1288929,0.326618636472878
"65","/Users/alles/Workspace/phenology/PEN/tky-2006-y18_d-imported/dc_2006_070_1200+0900_TKY__y18_d.jpg",2272,1704,1288929,0.329382280514296
"66","/Users/alles/Workspace/phenology/PEN/tky-2006-y18_d-imported/dc_2006_071_1200+0900_TKY__y18_d.jpg",2272,1704,1288929,0.304886946067715
"67","/Users/alles/Workspace/phenology/PEN/tky-2006-y18_d-imported/dc_2006_072_1200+0900_TKY__y18_d.jpg",2272,1704,1288929,0.30374172200275
"68","/Users/alles/Workspace/phenology/PEN/tky-2006-y18_d-imported/dc_2006_073_1200+0900_TKY__y18_d.jpg",2272,1704,1288929,0.315611894180315
"69","/Users/alles/Workspace/phenology/PEN/tky-2006-y18_d-imported/dc_2006_074_1200+0900_TKY__y18_d.jpg",2272,1704,1288929,0.323437608193796
"70","/Users/alles/Workspace/phenology/PEN/tky-2006-y18_d-imported/dc_2006_075_1200+0900_TKY__y18_d.jpg",2272,1704,1288929,0.323330860653035
"71","/Users/alles/Workspace/phenology/PEN/tky-2006-y18_d-imported/dc_2006_076_1200+0900_TKY__y18_d.jpg",2272,1704,1288929,0.304790699073233
"72","/Users/alles/Workspace/phenology/PEN/tky-2006-y18_d-imported/dc_2006_077_1200+0900_TKY__y18_d.jpg",2272,1704,1288929,0.322560430725656
"73","/Users/alles/Workspace/phenology/PEN/tky-2006-y18_d-imported/dc_2006_078_1200+0900_TKY__y18_d.jpg",2272,1704,1288929,0.312784614820032
"74","/Users/alles/Workspace/phenology/PEN/tky-2006-y18_d-imported/dc_2006_079_1200+0900_TKY__y18_d.jpg",2272,1704,1288929,0.319064898091507
"75","/Users/alles/Workspace/phenology/PEN/tky-2006-y18_d-imported/dc_2006_080_1200+0900_TKY__y18_d.jpg",2272,1704,1288929,0.326760829132048
"76","/Users/alles/Workspace/phenology/PEN/tky-2006-y18_d-imported/dc_2006_081_1200+0900_TKY__y18_d.jpg",2272,1704,1288929,0.329103802531837
"77","/Users/alles/Workspace/phenology/PEN/tky-2006-y18_d-imported/dc_2006_082_1200+0900_TKY__y18_d.jpg",2272,1704,1288929,0.33244646183794
"78","/Users/alles/Workspace/phenology/PEN/tky-2006-y18_d-imported/dc_2006_083_1200+0900_TKY__y18_d.jpg",2272,1704,1288929,0.328035264689932
"79","/Users/alles/Workspace/phenology/PEN/tky-2006-y18_d-imported/dc_2006_084_1200+0900_TKY__y18_d.jpg",2272,1704,1288929,0.327994729332106
"80","/Users/alles/Workspace/phenology/PEN/tky-2006-y18_d-imported/dc_2006_085_1200+0900_TKY__y18_d.jpg",2272,1704,1288929,0.325169842688089
"81","/Users/alles/Workspace/phenology/PEN/tky-2006-y18_d-imported/dc_2006_086_1200+0900_TKY__y18_d.jpg",2272,1704,1288929,0.331741140095567
"82","/Users/alles/Workspace/phenology/PEN/tky-2006-y18_d-imported/dc_2006_087_1200+0900_TKY__y18_d.jpg",2272,1704,1288929,0.318541160358579
"83","/Users/alles/Workspace/phenology/PEN/tky-2006-y18_d-imported/dc_2006_088_1200+0900_TKY__y18_d.jpg",2272,1704,1288929,0.315512819576429
"84","/Users/alles/Workspace/phenology/PEN/tky-2006-y18_d-imported/dc_2006_089_1200+0900_TKY__y18_d.jpg",2272,1704,1288929,0.311260900711328
"85","/Users/alles/Workspace/phenology/PEN/tky-2006-y18_d-imported/dc_2006_090_1200+0900_TKY__y18_d.jpg",2272,1704,1288929,0.312414444236745
"86","/Users/alles/Workspace/phenology/PEN/tky-2006-y18_d-imported/dc_2006_091_1200+0900_TKY__y18_d.jpg",2272,1704,1288929,0.330711994303405
"87","/Users/alles/Workspace/phenology/PEN/tky-2006-y18_d-imported/dc_2006_092_1200+0900_TKY__y18_d.jpg",2272,1704,1288929,0.334039058829066
"88","/Users/alles/Workspace/phenology/PEN/tky-2006-y18_d-imported/dc_2006_093_1200+0900_TKY__y18_d.jpg",2272,1704,1288929,0.315041304289009
"89","/Users/alles/Workspace/phenology/PEN/tky-2006-y18_d-imported/dc_2006_094_1200+0900_TKY__y18_d.jpg",2272,1704,1288929,0.335887247151446
"90","/Users/alles/Workspace/phenology/PEN/tky-2006-y18_d-imported/dc_2006_095_1200+0900_TKY__y18_d.jpg",2272,1704,1288929,0.319120530107135
"91","/Users/alles/Workspace/phenology/PEN/tky-2006-y18_d-imported/dc_2006_096_1200+0900_TKY__y18_d.jpg",2272,1704,1288929,0.331024432245688
"92","/Users/alles/Workspace/phenology/PEN/tky-2006-y18_d-imported/dc_2006_097_1200+0900_TKY__y18_d.jpg",2272,1704,1288929,0.333158242660622
"93","/Users/alles/Workspace/phenology/PEN/tky-2006-y18_d-imported/dc_2006_098_1200+0900_TKY__y18_d.jpg",2272,1704,1288929,0.311565975159536
"94","/Users/alles/Workspace/phenology/PEN/tky-2006-y18_d-imported/dc_2006_099_1200+0900_TKY__y18_d.jpg",2272,1704,1288929,0.337066112789748
"95","/Users/alles/Workspace/phenology/PEN/tky-2006-y18_d-imported/dc_2006_100_1200+0900_TKY__y18_d.jpg",2272,1704,1288929,0.342747071665183
"96","/Users/alles/Workspace/phenology/PEN/tky-2006-y18_d-imported/dc_2006_101_1200+0900_TKY__y18_d.jpg",2272,1704,1288929,0.338136890677785
"97","/Users/alles/Workspace/phenology/PEN/tky-2006-y18_d-imported/dc_2006_102_1200+0900_TKY__y18_d.jpg",2272,1704,1288929,0.339849515821503
"98","/Users/alles/Workspace/phenology/PEN/tky-2006-y18_d-imported/dc_2006_103_1200+0900_TKY__y18_d.jpg",2272,1704,1288929,0.331951449163827
"99","/Users/alles/Workspace/phenology/PEN/tky-2006-y18_d-imported/dc_2006_104_1200+0900_TKY__y18_d.jpg",2272,1704,1288929,0.331354905537415
"100","/Users/alles/Workspace/phenology/PEN/tky-2006-y18_d-imported/dc_2006_105_1200+0900_TKY__y18_d.jpg",2272,1704,1288929,0.326751006035143
"101","/Users/alles/Workspace/phenology/PEN/tky-2006-y18_d-imported/dc_2006_106_1200+0900_TKY__y18_d.jpg",2272,1704,1288929,0.326562546477559
"102","/Users/alles/Workspace/phenology/PEN/tky-2006-y18_d-imported/dc_2006_107_1200+0900_TKY__y18_d.jpg",2272,1704,1288929,0.34324950423612
"103","/Users/alles/Workspace/phenology/PEN/tky-2006-y18_d-imported/dc_2006_108_1200+0900_TKY__y18_d.jpg",2272,1704,1288929,0.345067139745984
"104","/Users/alles/Workspace/phenology/PEN/tky-2006-y18_d-imported/dc_2006_109_1200+0900_TKY__y18_d.jpg",2272,1704,1288929,0.34223276258149
"105","/Users/alles/Workspace/phenology/PEN/tky-2006-y18_d-imported/dc_2006_110_1200+0900_TKY__y18_d.jpg",2272,1704,1288929,0.331193925089862
"106","/Users/alles/Workspace/phenology/PEN/tky-2006-y18_d-imported/dc_2006_111_1200+0900_TKY__y18_d.jpg",2272,1704,1288929,0.308104332452607
"107","/Users/alles/Workspace/phenology/PEN/tky-2006-y18_d-imported/dc_2006_112_1200+0900_TKY__y18_d.jpg",2272,1704,1288929,0.329309543682264
"108","/Users/alles/Workspace/phenology/PEN/tky-2006-y18_d-imported/dc_2006_113_1200+0900_TKY__y18_d.jpg",2272,1704,1288929,0.333446216997979
"109","/Users/alles/Workspace/phenology/PEN/tky-2006-y18_d-imported/dc_2006_114_1200+0900_TKY__y18_d.jpg",2272,1704,1288929,0.343542971112643
"110","/Users/alles/Workspace/phenology/PEN/tky-2006-y18_d-imported/dc_2006_115_1200+0900_TKY__y18_d.jpg",2272,1704,1288929,0.320856930319459
"111","/Users/alles/Workspace/phenology/PEN/tky-2006-y18_d-imported/dc_2006_116_1200+0900_TKY__y18_d.jpg",2272,1704,1288929,0.341930511369549
"112","/Users/alles/Workspace/phenology/PEN/tky-2006-y18_d-imported/dc_2006_117_1200+0900_TKY__y18_d.jpg",2272,1704,1288929,0.333910030593302
"113","/Users/alles/Workspace/phenology/PEN/tky-2006-y18_d-imported/dc_2006_118_1200+0900_TKY__y18_d.jpg",2272,1704,1288929,0.344388187493383
"114","/Users/alles/Workspace/phenology/PEN/tky-2006-y18_d-imported/dc_2006_119_1100+0900_TKY__y18_d.jpg",2272,1704,1288929,0.344309940885375
"115","/Users/alles/Workspace/phenology/PEN/tky-2006-y18_d-imported/dc_2006_120_1200+0900_TKY__y18_d.jpg",2272,1704,1288929,0.341003109333015
"116","/Users/alles/Workspace/phenology/PEN/tky-2006-y18_d-imported/dc_2006_121_1200+0900_TKY__y18_d.jpg",2272,1704,1288929,0.345952695531811
"117","/Users/alles/Workspace/phenology/PEN/tky-2006-y18_d-imported/dc_2006_122_1200+0900_TKY__y18_d.jpg",2272,1704,1288929,0.324229188586148
"118","/Users/alles/Workspace/phenology/PEN/tky-2006-y18_d-imported/dc_2006_123_1200+0900_TKY__y18_d.jpg",2272,1704,1288929,0.351072313650238
"119","/Users/alles/Workspace/phenology/PEN/tky-2006-y18_d-imported/dc_2006_124_1200+0900_TKY__y18_d.jpg",2272,1704,1288929,0.351706237100687
"120","/Users/alles/Workspace/phenology/PEN/tky-2006-y18_d-imported/dc_2006_125_1200+0900_TKY__y18_d.jpg",2272,1704,1288929,0.355091577040872
"121","/Users/alles/Workspace/phenology/PEN/tky-2006-y18_d-imported/dc_2006_126_1200+0900_TKY__y18_d.jpg",2272,1704,1288929,0.356553226340956
"122","/Users/alles/Workspace/phenology/PEN/tky-2006-y18_d-imported/dc_2006_127_1200+0900_TKY__y18_d.jpg",2272,1704,1288929,0.358995026196422
"123","/Users/alles/Workspace/phenology/PEN/tky-2006-y18_d-imported/dc_2006_128_1200+0900_TKY__y18_d.jpg",2272,1704,1288929,0.357924541296726
"124","/Users/alles/Workspace/phenology/PEN/tky-2006-y18_d-imported/dc_2006_129_1200+0900_TKY__y18_d.jpg",2272,1704,1288929,0.342924523182309
"125","/Users/alles/Workspace/phenology/PEN/tky-2006-y18_d-imported/dc_2006_130_1200+0900_TKY__y18_d.jpg",2272,1704,1288929,0.353170553430057
"126","/Users/alles/Workspace/phenology/PEN/tky-2006-y18_d-imported/dc_2006_131_1200+0900_TKY__y18_d.jpg",2272,1704,1288929,0.321003761211185
"127","/Users/alles/Workspace/phenology/PEN/tky-2006-y18_d-imported/dc_2006_132_1200+0900_TKY__y18_d.jpg",2272,1704,1288929,0.358824908550112
"128","/Users/alles/Workspace/phenology/PEN/tky-2006-y18_d-imported/dc_2006_133_1200+0900_TKY__y18_d.jpg",2272,1704,1288929,0.338670309365611
"129","/Users/alles/Workspace/phenology/PEN/tky-2006-y18_d-imported/dc_2006_134_1200+0900_TKY__y18_d.jpg",2272,1704,1288929,0.348560354577694
"130","/Users/alles/Workspace/phenology/PEN/tky-2006-y18_d-imported/dc_2006_135_1200+0900_TKY__y18_d.jpg",2272,1704,1288929,0.357516632600043
"131","/Users/alles/Workspace/phenology/PEN/tky-2006-y18_d-imported/dc_2006_136_1200+0900_TKY__y18_d.jpg",2272,1704,1288929,0.348225852865927
"132","/Users/alles/Workspace/phenology/PEN/tky-2006-y18_d-imported/dc_2006_137_1200+0900_TKY__y18_d.jpg",2272,1704,1288929,0.365124615568583
"133","/Users/alles/Workspace/phenology/PEN/tky-2006-y18_d-imported/dc_2006_138_1200+0900_TKY__y18_d.jpg",2272,1704,1288929,0.352072695737346
"134","/Users/alles/Workspace/phenology/PEN/tky-2006-y18_d-imported/dc_2006_139_1200+0900_TKY__y18_d.jpg",2272,1704,1288929,0.34057311813643
"135","/Users/alles/Workspace/phenology/PEN/tky-2006-y18_d-imported/dc_2006_140_1200+0900_TKY__y18_d.jpg",2272,1704,1288929,0.346910423799213
"136","/Users/alles/Workspace/phenology/PEN/tky-2006-y18_d-imported/dc_2006_141_1200+0900_TKY__y18_d.jpg",2272,1704,1288929,0.359728723770816
"137","/Users/alles/Workspace/phenology/PEN/tky-2006-y18_d-imported/dc_2006_142_1200+0900_TKY__y18_d.jpg",2272,1704,1288929,0.36127375208815
"138","/Users/alles/Workspace/phenology/PEN/tky-2006-y18_d-imported/dc_2006_143_1200+0900_TKY__y18_d.jpg",2272,1704,1288929,0.346672959992408
"139","/Users/alles/Workspace/phenology/PEN/tky-2006-y18_d-imported/dc_2006_144_1200+0900_TKY__y18_d.jpg",2272,1704,1288929,0.345968603948349
"140","/Users/alles/Workspace/phenology/PEN/tky-2006-y18_d-imported/dc_2006_145_1200+0900_TKY__y18_d.jpg",2272,1704,1288929,0.365090979209936
"141","/Users/alles/Workspace/phenology/PEN/tky-2006-y18_d-imported/dc_2006_146_1200+0900_TKY__y18_d.jpg",2272,1704,1288929,0.358409697019662
"142","/Users/alles/Workspace/phenology/PEN/tky-2006-y18_d-imported/dc_2006_147_1200+0900_TKY__y18_d.jpg",2272,1704,1288929,0.362172226976991
"143","/Users/alles/Workspace/phenology/PEN/tky-2006-y18_d-imported/dc_2006_148_1200+0900_TKY__y18_d.jpg",2272,1704,1288929,0.330674010285493
"144","/Users/alles/Workspace/phenology/PEN/tky-2006-y18_d-imported/dc_2006_149_1200+0900_TKY__y18_d.jpg",2272,1704,1288929,0.356125561303291
"145","/Users/alles/Workspace/phenology/PEN/tky-2006-y18_d-imported/dc_2006_150_1200+0900_TKY__y18_d.jpg",2272,1704,1288929,0.349433848971459
"146","/Users/alles/Workspace/phenology/PEN/tky-2006-y18_d-imported/dc_2006_151_1200+0900_TKY__y18_d.jpg",2272,1704,1288929,0.363961452702786
"147","/Users/alles/Workspace/phenology/PEN/tky-2006-y18_d-imported/dc_2006_152_1200+0900_TKY__y18_d.jpg",2272,1704,1288929,0.364293215011827
"148","/Users/alles/Workspace/phenology/PEN/tky-2006-y18_d-imported/dc_2006_153_1200+0900_TKY__y18_d.jpg",2272,1704,1288929,0.354915855943598
"149","/Users/alles/Workspace/phenology/PEN/tky-2006-y18_d-imported/dc_2006_154_1200+0900_TKY__y18_d.jpg",2272,1704,1288929,0.356003256323693
"150","/Users/alles/Workspace/phenology/PEN/tky-2006-y18_d-imported/dc_2006_155_1200+0900_TKY__y18_d.jpg",2272,1704,1288929,0.343743115907086
"151","/Users/alles/Workspace/phenology/PEN/tky-2006-y18_d-imported/dc_2006_156_1200+0900_TKY__y18_d.jpg",2272,1704,1288929,0.350937731351076
"152","/Users/alles/Workspace/phenology/PEN/tky-2006-y18_d-imported/dc_2006_157_1200+0900_TKY__y18_d.jpg",2272,1704,1288929,0.34675434836994
"153","/Users/alles/Workspace/phenology/PEN/tky-2006-y18_d-imported/dc_2006_158_1200+0900_TKY__y18_d.jpg",2272,1704,1288929,0.345475438921149
"154","/Users/alles/Workspace/phenology/PEN/tky-2006-y18_d-imported/dc_2006_159_1200+0900_TKY__y18_d.jpg",2272,1704,1288929,0.335021486035086
"155","/Users/alles/Workspace/phenology/PEN/tky-2006-y18_d-imported/dc_2006_160_1200+0900_TKY__y18_d.jpg",2272,1704,1288929,0.327957625054282
"156","/Users/alles/Workspace/phenology/PEN/tky-2006-y18_d-imported/dc_2006_161_1200+0900_TKY__y18_d.jpg",2272,1704,1288929,0.338905688251357
"157","/Users/alles/Workspace/phenology/PEN/tky-2006-y18_d-imported/dc_2006_162_1200+0900_TKY__y18_d.jpg",2272,1704,1288929,0.319516401832234
"158","/Users/alles/Workspace/phenology/PEN/tky-2006-y18_d-imported/dc_2006_163_1200+0900_TKY__y18_d.jpg",2272,1704,1288929,0.3232596615121
"159","/Users/alles/Workspace/phenology/PEN/tky-2006-y18_d-imported/dc_2006_164_1200+0900_TKY__y18_d.jpg",2272,1704,1288929,0.340801698131734
"160","/Users/alles/Workspace/phenology/PEN/tky-2006-y18_d-imported/dc_2006_165_1200+0900_TKY__y18_d.jpg",2272,1704,1288929,0.339517137078436
"161","/Users/alles/Workspace/phenology/PEN/tky-2006-y18_d-imported/dc_2006_166_1200+0900_TKY__y18_d.jpg",2272,1704,1288929,0.320852404171495
"162","/Users/alles/Workspace/phenology/PEN/tky-2006-y18_d-imported/dc_2006_167_1200+0900_TKY__y18_d.jpg",2272,1704,1288929,0.317838207281953
"163","/Users/alles/Workspace/phenology/PEN/tky-2006-y18_d-imported/dc_2006_168_1200+0900_TKY__y18_d.jpg",2272,1704,1288929,0.32441320083929
"164","/Users/alles/Workspace/phenology/PEN/tky-2006-y18_d-imported/dc_2006_169_1200+0900_TKY__y18_d.jpg",2272,1704,1288929,0.32527170514079
"165","/Users/alles/Workspace/phenology/PEN/tky-2006-y18_d-imported/dc_2006_170_1200+0900_TKY__y18_d.jpg",2272,1704,1288929,0.331528995925557
"166","/Users/alles/Workspace/phenology/PEN/tky-2006-y18_d-imported/dc_2006_171_1200+0900_TKY__y18_d.jpg",2272,1704,1288929,0.324782350392138
"167","/Users/alles/Workspace/phenology/PEN/tky-2006-y18_d-imported/dc_2006_172_1200+0900_TKY__y18_d.jpg",2272,1704,1288929,0.320186731830801
"168","/Users/alles/Workspace/phenology/PEN/tky-2006-y18_d-imported/dc_2006_173_1200+0900_TKY__y18_d.jpg",2272,1704,1288929,0.30885823857134
"169","/Users/alles/Workspace/phenology/PEN/tky-2006-y18_d-imported/dc_2006_174_1200+0900_TKY__y18_d.jpg",2272,1704,1288929,0.330212301805984
"170","/Users/alles/Workspace/phenology/PEN/tky-2006-y18_d-imported/dc_2006_175_1200+0900_TKY__y18_d.jpg",2272,1704,1288929,0.327945448070116
"171","/Users/alles/Workspace/phenology/PEN/tky-2006-y18_d-imported/dc_2006_176_1200+0900_TKY__y18_d.jpg",2272,1704,1288929,0.322433032422386
"172","/Users/alles/Workspace/phenology/PEN/tky-2006-y18_d-imported/dc_2006_177_1200+0900_TKY__y18_d.jpg",2272,1704,1288929,0.308862359805876
"173","/Users/alles/Workspace/phenology/PEN/tky-2006-y18_d-imported/dc_2006_178_1200+0900_TKY__y18_d.jpg",2272,1704,1288929,0.322027752510831
"174","/Users/alles/Workspace/phenology/PEN/tky-2006-y18_d-imported/dc_2006_179_1200+0900_TKY__y18_d.jpg",2272,1704,1288929,0.32521484051932
"175","/Users/alles/Workspace/phenology/PEN/tky-2006-y18_d-imported/dc_2006_180_1200+0900_TKY__y18_d.jpg",2272,1704,1288929,0.327961617543246
"176","/Users/alles/Workspace/phenology/PEN/tky-2006-y18_d-imported/dc_2006_181_1200+0900_TKY__y18_d.jpg",2272,1704,1288929,0.309641380875032
"177","/Users/alles/Workspace/phenology/PEN/tky-2006-y18_d-imported/dc_2006_182_1200+0900_TKY__y18_d.jpg",2272,1704,1288929,0.309200916453398
"178","/Users/alles/Workspace/phenology/PEN/tky-2006-y18_d-imported/dc_2006_183_1200+0900_TKY__y18_d.jpg",2272,1704,1288929,0.302524062053892
"179","/Users/alles/Workspace/phenology/PEN/tky-2006-y18_d-imported/dc_2006_184_1200+0900_TKY__y18_d.jpg",2272,1704,1288929,0.318691870316265
"180","/Users/alles/Workspace/phenology/PEN/tky-2006-y18_d-imported/dc_2006_185_1200+0900_TKY__y18_d.jpg",2272,1704,1288929,0.323814436077779
"181","/Users/alles/Workspace/phenology/PEN/tky-2006-y18_d-imported/dc_2006_186_1200+0900_TKY__y18_d.jpg",2272,1704,1288929,0.304883964221061
"182","/Users/alles/Workspace/phenology/PEN/tky-2006-y18_d-imported/dc_2006_187_1200+0900_TKY__y18_d.jpg",2272,1704,1288929,0.313717157984999
"183","/Users/alles/Workspace/phenology/PEN/tky-2006-y18_d-imported/dc_2006_188_1200+0900_TKY__y18_d.jpg",2272,1704,1288929,0.322635950560541
"184","/Users/alles/Workspace/phenology/PEN/tky-2006-y18_d-imported/dc_2006_189_1200+0900_TKY__y18_d.jpg",2272,1704,1288929,0.325846106855446
"185","/Users/alles/Workspace/phenology/PEN/tky-2006-y18_d-imported/dc_2006_190_1200+0900_TKY__y18_d.jpg",2272,1704,1288929,0.317906304746702
"186","/Users/alles/Workspace/phenology/PEN/tky-2006-y18_d-imported/dc_2006_191_1200+0900_TKY__y18_d.jpg",2272,1704,1288929,0.324296017083575
"187","/Users/alles/Workspace/phenology/PEN/tky-2006-y18_d-imported/dc_2006_192_1200+0900_TKY__y18_d.jpg",2272,1704,1288929,0.317871002689431
"188","/Users/alles/Workspace/phenology/PEN/tky-2006-y18_d-imported/dc_2006_193_1200+0900_TKY__y18_d.jpg",2272,1704,1288929,0.310326303893546
"189","/Users/alles/Workspace/phenology/PEN/tky-2006-y18_d-imported/dc_2006_194_1200+0900_TKY__y18_d.jpg",2272,1704,1288929,0.299866442215805
"190","/Users/alles/Workspace/phenology/PEN/tky-2006-y18_d-imported/dc_2006_195_1200+0900_TKY__y18_d.jpg",2272,1704,1288929,0.312284317585069
"191","/Users/alles/Workspace/phenology/PEN/tky-2006-y18_d-imported/dc_2006_196_1200+0900_TKY__y18_d.jpg",2272,1704,1288929,0.313673601138603
"192","/Users/alles/Workspace/phenology/PEN/tky-2006-y18_d-imported/dc_2006_197_1200+0900_TKY__y18_d.jpg",2272,1704,1288929,0.301673622452563
"193","/Users/alles/Workspace/phenology/PEN/tky-2006-y18_d-imported/dc_2006_198_1200+0900_TKY__y18_d.jpg",2272,1704,1288929,0.309835571087404
"194","/Users/alles/Workspace/phenology/PEN/tky-2006-y18_d-imported/dc_2006_199_1200+0900_TKY__y18_d.jpg",2272,1704,1288929,0.306388039818739
"195","/Users/alles/Workspace/phenology/PEN/tky-2006-y18_d-imported/dc_2006_200_1200+0900_TKY__y18_d.jpg",2272,1704,1288929,0.315932610855905
"196","/Users/alles/Workspace/phenology/PEN/tky-2006-y18_d-imported/dc_2006_201_1200+0900_TKY__y18_d.jpg",2272,1704,1288929,0.308262818801485
"197","/Users/alles/Workspace/phenology/PEN/tky-2006-y18_d-imported/dc_2006_202_1200+0900_TKY__y18_d.jpg",2272,1704,1288929,0.300732759845138
"198","/Users/alles/Workspace/phenology/PEN/tky-2006-y18_d-imported/dc_2006_203_1200+0900_TKY__y18_d.jpg",2272,1704,1288929,0.322651501156726
"199","/Users/alles/Workspace/phenology/PEN/tky-2006-y18_d-imported/dc_2006_204_1200+0900_TKY__y18_d.jpg",2272,1704,1288929,0.316691925885623
"200","/Users/alles/Workspace/phenology/PEN/tky-2006-y18_d-imported/dc_2006_205_1200+0900_TKY__y18_d.jpg",2272,1704,1288929,0.298714419550272
"201","/Users/alles/Workspace/phenology/PEN/tky-2006-y18_d-imported/dc_2006_206_1200+0900_TKY__y18_d.jpg",2272,1704,1288929,0.313883548908505
"202","/Users/alles/Workspace/phenology/PEN/tky-2006-y18_d-imported/dc_2006_207_1200+0900_TKY__y18_d.jpg",2272,1704,1288929,0.326589659196732
"203","/Users/alles/Workspace/phenology/PEN/tky-2006-y18_d-imported/dc_2006_208_1200+0900_TKY__y18_d.jpg",2272,1704,1288929,0.315140751013741
"204","/Users/alles/Workspace/phenology/PEN/tky-2006-y18_d-imported/dc_2006_209_1200+0900_TKY__y18_d.jpg",2272,1704,1288929,0.318592222574198
"205","/Users/alles/Workspace/phenology/PEN/tky-2006-y18_d-imported/dc_2006_210_1200+0900_TKY__y18_d.jpg",2272,1704,1288929,0.321338213437143
"206","/Users/alles/Workspace/phenology/PEN/tky-2006-y18_d-imported/dc_2006_211_1200+0900_TKY__y18_d.jpg",2272,1704,1288929,0.323809526720439
"207","/Users/alles/Workspace/phenology/PEN/tky-2006-y18_d-imported/dc_2006_212_1200+0900_TKY__y18_d.jpg",2272,1704,1288929,0.32478899773528
"208","/Users/alles/Workspace/phenology/PEN/tky-2006-y18_d-imported/dc_2006_213_1200+0900_TKY__y18_d.jpg",2272,1704,1288929,0.323704742412964
"209","/Users/alles/Workspace/phenology/PEN/tky-2006-y18_d-imported/dc_2006_214_1200+0900_TKY__y18_d.jpg",2272,1704,1288929,0.317021043168045
"210","/Users/alles/Workspace/phenology/PEN/tky-2006-y18_d-imported/dc_2006_215_1200+0900_TKY__y18_d.jpg",2272,1704,1288929,0.312016594802197
"211","/Users/alles/Workspace/phenology/PEN/tky-2006-y18_d-imported/dc_2006_216_1200+0900_TKY__y18_d.jpg",2272,1704,1288929,0.322604957485867
"212","/Users/alles/Workspace/phenology/PEN/tky-2006-y18_d-imported/dc_2006_217_1200+0900_TKY__y18_d.jpg",2272,1704,1288929,0.322900055349877
"213","/Users/alles/Workspace/phenology/PEN/tky-2006-y18_d-imported/dc_2006_218_1200+0900_TKY__y18_d.jpg",2272,1704,1288929,0.324378623062039
"214","/Users/alles/Workspace/phenology/PEN/tky-2006-y18_d-imported/dc_2006_219_1200+0900_TKY__y18_d.jpg",2272,1704,1288929,0.315193375890704
"215","/Users/alles/Workspace/phenology/PEN/tky-2006-y18_d-imported/dc_2006_220_1200+0900_TKY__y18_d.jpg",2272,1704,1288929,0.322685041276911
"216","/Users/alles/Workspace/phenology/PEN/tky-2006-y18_d-imported/dc_2006_221_1200+0900_TKY__y18_d.jpg",2272,1704,1288929,0.317541556875204
"217","/Users/alles/Workspace/phenology/PEN/tky-2006-y18_d-imported/dc_2006_222_1200+0900_TKY__y18_d.jpg",2272,1704,1288929,0.321236717173918
"218","/Users/alles/Workspace/phenology/PEN/tky-2006-y18_d-imported/dc_2006_223_1200+0900_TKY__y18_d.jpg",2272,1704,1288929,0.325317046175277
"219","/Users/alles/Workspace/phenology/PEN/tky-2006-y18_d-imported/dc_2006_224_1200+0900_TKY__y18_d.jpg",2272,1704,1288929,0.310232747225614
"220","/Users/alles/Workspace/phenology/PEN/tky-2006-y18_d-imported/dc_2006_225_1200+0900_TKY__y18_d.jpg",2272,1704,1288929,0.326419703706437
"221","/Users/alles/Workspace/phenology/PEN/tky-2006-y18_d-imported/dc_2006_226_1200+0900_TKY__y18_d.jpg",2272,1704,1288929,0.326712393581595
"222","/Users/alles/Workspace/phenology/PEN/tky-2006-y18_d-imported/dc_2006_227_1200+0900_TKY__y18_d.jpg",2272,1704,1288929,0.324238748122313
"223","/Users/alles/Workspace/phenology/PEN/tky-2006-y18_d-imported/dc_2006_228_1200+0900_TKY__y18_d.jpg",2272,1704,1288929,0.31127711941803
"224","/Users/alles/Workspace/phenology/PEN/tky-2006-y18_d-imported/dc_2006_229_1200+0900_TKY__y18_d.jpg",2272,1704,1288929,0.308246288698138
"225","/Users/alles/Workspace/phenology/PEN/tky-2006-y18_d-imported/dc_2006_230_1200+0900_TKY__y18_d.jpg",2272,1704,1288929,0.327060447783489
"226","/Users/alles/Workspace/phenology/PEN/tky-2006-y18_d-imported/dc_2006_231_1130+0900_TKY__y18_d.jpg",2272,1704,1288929,0.312914915438209
"227","/Users/alles/Workspace/phenology/PEN/tky-2006-y18_d-imported/dc_2006_232_1130+0900_TKY__y18_d.jpg",2272,1704,1288929,0.320016762973119
"228","/Users/alles/Workspace/phenology/PEN/tky-2006-y18_d-imported/dc_2006_233_1130+0900_TKY__y18_d.jpg",2272,1704,1288929,0.31242864061319
"229","/Users/alles/Workspace/phenology/PEN/tky-2006-y18_d-imported/dc_2006_234_1130+0900_TKY__y18_d.jpg",2272,1704,1288929,0.309817744885331
"230","/Users/alles/Workspace/phenology/PEN/tky-2006-y18_d-imported/dc_2006_235_1130+0900_TKY__y18_d.jpg",2272,1704,1288929,0.318877522953381
"231","/Users/alles/Workspace/phenology/PEN/tky-2006-y18_d-imported/dc_2006_236_1130+0900_TKY__y18_d.jpg",2272,1704,1288929,0.325535226372727
"232","/Users/alles/Workspace/phenology/PEN/tky-2006-y18_d-imported/dc_2006_237_1130+0900_TKY__y18_d.jpg",2272,1704,1288929,0.326340843805758
"233","/Users/alles/Workspace/phenology/PEN/tky-2006-y18_d-imported/dc_2006_238_1130+0900_TKY__y18_d.jpg",2272,1704,1288929,0.319553618967226
"234","/Users/alles/Workspace/phenology/PEN/tky-2006-y18_d-imported/dc_2006_239_1130+0900_TKY__y18_d.jpg",2272,1704,1288929,0.323939737745632
"235","/Users/alles/Workspace/phenology/PEN/tky-2006-y18_d-imported/dc_2006_240_1130+0900_TKY__y18_d.jpg",2272,1704,1288929,0.309740192486549
"236","/Users/alles/Workspace/phenology/PEN/tky-2006-y18_d-imported/dc_2006_241_1130+0900_TKY__y18_d.jpg",2272,1704,1288929,0.318463230438224
"237","/Users/alles/Workspace/phenology/PEN/tky-2006-y18_d-imported/dc_2006_242_1130+0900_TKY__y18_d.jpg",2272,1704,1288929,0.314405493828391
"238","/Users/alles/Workspace/phenology/PEN/tky-2006-y18_d-imported/dc_2006_243_1130+0900_TKY__y18_d.jpg",2272,1704,1288929,0.326578410341064
"239","/Users/alles/Workspace/phenology/PEN/tky-2006-y18_d-imported/dc_2006_244_1130+0900_TKY__y18_d.jpg",2272,1704,1288929,0.311758631242232
"240","/Users/alles/Workspace/phenology/PEN/tky-2006-y18_d-imported/dc_2006_245_1130+0900_TKY__y18_d.jpg",2272,1704,1288929,0.32757916205932
"241","/Users/alles/Workspace/phenology/PEN/tky-2006-y18_d-imported/dc_2006_246_1130+0900_TKY__y18_d.jpg",2272,1704,1288929,0.31929464355793
"242","/Users/alles/Workspace/phenology/PEN/tky-2006-y18_d-imported/dc_2006_247_1130+0900_TKY__y18_d.jpg",2272,1704,1288929,0.328523310295743
"243","/Users/alles/Workspace/phenology/PEN/tky-2006-y18_d-imported/dc_2006_248_1130+0900_TKY__y18_d.jpg",2272,1704,1288929,0.322575799722569
"244","/Users/alles/Workspace/phenology/PEN/tky-2006-y18_d-imported/dc_2006_249_1130+0900_TKY__y18_d.jpg",2272,1704,1288929,0.321742575624132
"245","/Users/alles/Workspace/phenology/PEN/tky-2006-y18_d-imported/dc_2006_250_1130+0900_TKY__y18_d.jpg",2272,1704,1288929,0.317503831370977
"246","/Users/alles/Workspace/phenology/PEN/tky-2006-y18_d-imported/dc_2006_251_1130+0900_TKY__y18_d.jpg",2272,1704,1288929,0.318224171253311
"247","/Users/alles/Workspace/phenology/PEN/tky-2006-y18_d-imported/dc_2006_252_1130+0900_TKY__y18_d.jpg",2272,1704,1288929,0.319837678558244
"248","/Users/alles/Workspace/phenology/PEN/tky-2006-y18_d-imported/dc_2006_253_1130+0900_TKY__y18_d.jpg",2272,1704,1288929,0.32824344582453
"249","/Users/alles/Workspace/phenology/PEN/tky-2006-y18_d-imported/dc_2006_254_1130+0900_TKY__y18_d.jpg",2272,1704,1288929,0.326302446425465
"250","/Users/alles/Workspace/phenology/PEN/tky-2006-y18_d-imported/dc_2006_255_1130+0900_TKY__y18_d.jpg",2272,1704,1288929,0.311641137164339
"251","/Users/alles/Workspace/phenology/PEN/tky-2006-y18_d-imported/dc_2006_256_1130+0900_TKY__y18_d.jpg",2272,1704,1288929,0.313303366588066
"252","/Users/alles/Workspace/phenology/PEN/tky-2006-y18_d-imported/dc_2006_257_1130+0900_TKY__y18_d.jpg",2272,1704,1288929,0.313078550832597
"253","/Users/alles/Workspace/phenology/PEN/tky-2006-y18_d-imported/dc_2006_258_1130+0900_TKY__y18_d.jpg",2272,1704,1288929,0.331851355798719
"254","/Users/alles/Workspace/phenology/PEN/tky-2006-y18_d-imported/dc_2006_259_1130+0900_TKY__y18_d.jpg",2272,1704,1288929,0.321263934841044
"255","/Users/alles/Workspace/phenology/PEN/tky-2006-y18_d-imported/dc_2006_260_1130+0900_TKY__y18_d.jpg",2272,1704,1288929,0.326336145433343
"256","/Users/alles/Workspace/phenology/PEN/tky-2006-y18_d-imported/dc_2006_261_1200+0900_TKY__y18_d.jpg",2272,1704,1288929,0.335622305212628
"257","/Users/alles/Workspace/phenology/PEN/tky-2006-y18_d-imported/dc_2006_262_1200+0900_TKY__y18_d.jpg",2272,1704,1288929,0.329516257549525
"258","/Users/alles/Workspace/phenology/PEN/tky-2006-y18_d-imported/dc_2006_263_1200+0900_TKY__y18_d.jpg",2272,1704,1288929,0.340713953001339
"259","/Users/alles/Workspace/phenology/PEN/tky-2006-y18_d-imported/dc_2006_264_1200+0900_TKY__y18_d.jpg",2272,1704,1288929,0.339101786182526
"260","/Users/alles/Workspace/phenology/PEN/tky-2006-y18_d-imported/dc_2006_265_1200+0900_TKY__y18_d.jpg",2272,1704,1288929,0.341246763664806
"261","/Users/alles/Workspace/phenology/PEN/tky-2006-y18_d-imported/dc_2006_266_1200+0900_TKY__y18_d.jpg",2272,1704,1288929,0.341246683053559
"262","/Users/alles/Workspace/phenology/PEN/tky-2006-y18_d-imported/dc_2006_267_1200+0900_TKY__y18_d.jpg",2272,1704,1288929,0.338005423475108
"263","/Users/alles/Workspace/phenology/PEN/tky-2006-y18_d-imported/dc_2006_268_1200+0900_TKY__y18_d.jpg",2272,1704,1288929,0.326548045140899
"264","/Users/alles/Workspace/phenology/PEN/tky-2006-y18_d-imported/dc_2006_269_1200+0900_TKY__y18_d.jpg",2272,1704,1288929,0.338875310152252
"265","/Users/alles/Workspace/phenology/PEN/tky-2006-y18_d-imported/dc_2006_270_1200+0900_TKY__y18_d.jpg",2272,1704,1288929,0.340294033346449
"266","/Users/alles/Workspace/phenology/PEN/tky-2006-y18_d-imported/dc_2006_271_1200+0900_TKY__y18_d.jpg",2272,1704,1288929,0.346364376726239
"267","/Users/alles/Workspace/phenology/PEN/tky-2006-y18_d-imported/dc_2006_272_1200+0900_TKY__y18_d.jpg",2272,1704,1288929,0.337659275370203
"268","/Users/alles/Workspace/phenology/PEN/tky-2006-y18_d-imported/dc_2006_273_1200+0900_TKY__y18_d.jpg",2272,1704,1288929,0.342936582919316
"269","/Users/alles/Workspace/phenology/PEN/tky-2006-y18_d-imported/dc_2006_274_1200+0900_TKY__y18_d.jpg",2272,1704,1288929,0.342227484012288
"270","/Users/alles/Workspace/phenology/PEN/tky-2006-y18_d-imported/dc_2006_275_1200+0900_TKY__y18_d.jpg",2272,1704,1288929,0.336405400947587
"271","/Users/alles/Workspace/phenology/PEN/tky-2006-y18_d-imported/dc_2006_276_1200+0900_TKY__y18_d.jpg",2272,1704,1288929,0.337958499181956
"272","/Users/alles/Workspace/phenology/PEN/tky-2006-y18_d-imported/dc_2006_277_1200+0900_TKY__y18_d.jpg",2272,1704,1288929,0.337786402890012
"273","/Users/alles/Workspace/phenology/PEN/tky-2006-y18_d-imported/dc_2006_278_1200+0900_TKY__y18_d.jpg",2272,1704,1288929,0.344459044815223
"274","/Users/alles/Workspace/phenology/PEN/tky-2006-y18_d-imported/dc_2006_279_1200+0900_TKY__y18_d.jpg",2272,1704,1288929,0.341475572524994
"275","/Users/alles/Workspace/phenology/PEN/tky-2006-y18_d-imported/dc_2006_280_1200+0900_TKY__y18_d.jpg",2272,1704,1288929,0.35151955148295
"276","/Users/alles/Workspace/phenology/PEN/tky-2006-y18_d-imported/dc_2006_281_1200+0900_TKY__y18_d.jpg",2272,1704,1288929,0.35415364943416
"277","/Users/alles/Workspace/phenology/PEN/tky-2006-y18_d-imported/dc_2006_282_1200+0900_TKY__y18_d.jpg",2272,1704,1288929,0.356187611405466
"278","/Users/alles/Workspace/phenology/PEN/tky-2006-y18_d-imported/dc_2006_283_1200+0900_TKY__y18_d.jpg",2272,1704,1288929,0.360519660766953
"279","/Users/alles/Workspace/phenology/PEN/tky-2006-y18_d-imported/dc_2006_284_1200+0900_TKY__y18_d.jpg",2272,1704,1288929,0.368577185021376
"280","/Users/alles/Workspace/phenology/PEN/tky-2006-y18_d-imported/dc_2006_285_1200+0900_TKY__y18_d.jpg",2272,1704,1288929,0.374301928321286
"281","/Users/alles/Workspace/phenology/PEN/tky-2006-y18_d-imported/dc_2006_286_1200+0900_TKY__y18_d.jpg",2272,1704,1288929,0.387646825675406
"282","/Users/alles/Workspace/phenology/PEN/tky-2006-y18_d-imported/dc_2006_287_1200+0900_TKY__y18_d.jpg",2272,1704,1288929,0.377042862596354
"283","/Users/alles/Workspace/phenology/PEN/tky-2006-y18_d-imported/dc_2006_288_1200+0900_TKY__y18_d.jpg",2272,1704,1288929,0.397508681593622
"284","/Users/alles/Workspace/phenology/PEN/tky-2006-y18_d-imported/dc_2006_289_1200+0900_TKY__y18_d.jpg",2272,1704,1288929,0.388756238867999
"285","/Users/alles/Workspace/phenology/PEN/tky-2006-y18_d-imported/dc_2006_290_1200+0900_TKY__y18_d.jpg",2272,1704,1288929,0.396860465255492
"286","/Users/alles/Workspace/phenology/PEN/tky-2006-y18_d-imported/dc_2006_291_1200+0900_TKY__y18_d.jpg",2272,1704,1288929,0.398570495365129
"287","/Users/alles/Workspace/phenology/PEN/tky-2006-y18_d-imported/dc_2006_292_1200+0900_TKY__y18_d.jpg",2272,1704,1288929,0.396348301777195
"288","/Users/alles/Workspace/phenology/PEN/tky-2006-y18_d-imported/dc_2006_293_1200+0900_TKY__y18_d.jpg",2272,1704,1288929,0.391637117043256
"289","/Users/alles/Workspace/phenology/PEN/tky-2006-y18_d-imported/dc_2006_294_1200+0900_TKY__y18_d.jpg",2272,1704,1288929,0.39313218926264
"290","/Users/alles/Workspace/phenology/PEN/tky-2006-y18_d-imported/dc_2006_295_1200+0900_TKY__y18_d.jpg",2272,1704,1288929,0.386362580215526
"291","/Users/alles/Workspace/phenology/PEN/tky-2006-y18_d-imported/dc_2006_296_1200+0900_TKY__y18_d.jpg",2272,1704,1288929,0.399713316584758
"292","/Users/alles/Workspace/phenology/PEN/tky-2006-y18_d-imported/dc_2006_297_1200+0900_TKY__y18_d.jpg",2272,1704,1288929,0.389184119909819
"293","/Users/alles/Workspace/phenology/PEN/tky-2006-y18_d-imported/dc_2006_298_1200+0900_TKY__y18_d.jpg",2272,1704,1288929,0.39366986084177
"294","/Users/alles/Workspace/phenology/PEN/tky-2006-y18_d-imported/dc_2006_299_1200+0900_TKY__y18_d.jpg",2272,1704,1288929,0.385630844662079
"295","/Users/alles/Workspace/phenology/PEN/tky-2006-y18_d-imported/dc_2006_300_1200+0900_TKY__y18_d.jpg",2272,1704,1288929,0.393759492154977
"296","/Users/alles/Workspace/phenology/PEN/tky-2006-y18_d-imported/dc_2006_301_1200+0900_TKY__y18_d.jpg",2272,1704,1288929,0.389152434122096
"297","/Users/alles/Workspace/phenology/PEN/tky-2006-y18_d-imported/dc_2006_302_1200+0900_TKY__y18_d.jpg",2272,1704,1288929,0.354116503813896
"298","/Users/alles/Workspace/phenology/PEN/tky-2006-y18_d-imported/dc_2006_303_1200+0900_TKY__y18_d.jpg",2272,1704,1288929,0.386922872376966
"299","/Users/alles/Workspace/phenology/PEN/tky-2006-y18_d-imported/dc_2006_304_1200+0900_TKY__y18_d.jpg",2272,1704,1288929,0.384854588786465
"300","/Users/alles/Workspace/phenology/PEN/tky-2006-y18_d-imported/dc_2006_305_1200+0900_TKY__y18_d.jpg",2272,1704,1288929,0.357106291023553
"301","/Users/alles/Workspace/phenology/PEN/tky-2006-y18_d-imported/dc_2006_306_1200+0900_TKY__y18_d.jpg",2272,1704,1288929,0.376366129859789
"302","/Users/alles/Workspace/phenology/PEN/tky-2006-y18_d-imported/dc_2006_307_1200+0900_TKY__y18_d.jpg",2272,1704,1288929,0.375681653599629
"303","/Users/alles/Workspace/phenology/PEN/tky-2006-y18_d-imported/dc_2006_308_1200+0900_TKY__y18_d.jpg",2272,1704,1288929,0.371372632304849
"304","/Users/alles/Workspace/phenology/PEN/tky-2006-y18_d-imported/dc_2006_309_1200+0900_TKY__y18_d.jpg",2272,1704,1288929,0.370319991479829
"305","/Users/alles/Workspace/phenology/PEN/tky-2006-y18_d-imported/dc_2006_310_1200+0900_TKY__y18_d.jpg",2272,1704,1288929,0.363486350715247
"306","/Users/alles/Workspace/phenology/PEN/tky-2006-y18_d-imported/dc_2006_311_1200+0900_TKY__y18_d.jpg",2272,1704,1288929,0.363724137670551
"307","/Users/alles/Workspace/phenology/PEN/tky-2006-y18_d-imported/dc_2006_312_1200+0900_TKY__y18_d.jpg",2272,1704,1288929,0.355912087423471
"308","/Users/alles/Workspace/phenology/PEN/tky-2006-y18_d-imported/dc_2006_313_1200+0900_TKY__y18_d.jpg",2272,1704,1288929,0.354719786551033
"309","/Users/alles/Workspace/phenology/PEN/tky-2006-y18_d-imported/dc_2006_314_1200+0900_TKY__y18_d.jpg",2272,1704,1288929,0.356572794227739
"310","/Users/alles/Workspace/phenology/PEN/tky-2006-y18_d-imported/dc_2006_315_1200+0900_TKY__y18_d.jpg",2272,1704,1288929,0.359003584914597
"311","/Users/alles/Workspace/phenology/PEN/tky-2006-y18_d-imported/dc_2006_316_1200+0900_TKY__y18_d.jpg",2272,1704,1288929,0.310188727013289
"312","/Users/alles/Workspace/phenology/PEN/tky-2006-y18_d-imported/dc_2006_317_1200+0900_TKY__y18_d.jpg",2272,1704,1288929,0.33564219685061
"313","/Users/alles/Workspace/phenology/PEN/tky-2006-y18_d-imported/dc_2006_318_1200+0900_TKY__y18_d.jpg",2272,1704,1288929,0.329104143068966
"314","/Users/alles/Workspace/phenology/PEN/tky-2006-y18_d-imported/dc_2006_319_1200+0900_TKY__y18_d.jpg",2272,1704,1288929,0.351813238533838
"315","/Users/alles/Workspace/phenology/PEN/tky-2006-y18_d-imported/dc_2006_320_1200+0900_TKY__y18_d.jpg",2272,1704,1288929,0.34062477247003
"316","/Users/alles/Workspace/phenology/PEN/tky-2006-y18_d-imported/dc_2006_321_1200+0900_TKY__y18_d.jpg",2272,1704,1288929,0.351383684357529
"317","/Users/alles/Workspace/phenology/PEN/tky-2006-y18_d-imported/dc_2006_322_1200+0900_TKY__y18_d.jpg",2272,1704,1288929,0.356406831053585
"318","/Users/alles/Workspace/phenology/PEN/tky-2006-y18_d-imported/dc_2006_323_1200+0900_TKY__y18_d.jpg",2272,1704,1288929,0.363977643878845
"319","/Users/alles/Workspace/phenology/PEN/tky-2006-y18_d-imported/dc_2006_324_1200+0900_TKY__y18_d.jpg",2272,1704,1288929,0.367088426865936
"320","/Users/alles/Workspace/phenology/PEN/tky-2006-y18_d-imported/dc_2006_325_1200+0900_TKY__y18_d.jpg",2272,1704,1288929,0.349471473472578
"321","/Users/alles/Workspace/phenology/PEN/tky-2006-y18_d-imported/dc_2006_326_1200+0900_TKY__y18_d.jpg",2272,1704,1288929,0.352907895148113
"322","/Users/alles/Workspace/phenology/PEN/tky-2006-y18_d-imported/dc_2006_327_1200+0900_TKY__y18_d.jpg",2272,1704,1288929,0.325132089812399
"323","/Users/alles/Workspace/phenology/PEN/tky-2006-y18_d-imported/dc_2006_328_1200+0900_TKY__y18_d.jpg",2272,1704,1288929,0.350169831116983
"324","/Users/alles/Workspace/phenology/PEN/tky-2006-y18_d-imported/dc_2006_329_1200+0900_TKY__y18_d.jpg",2272,1704,1288929,0.350716491167219
"325","/Users/alles/Workspace/phenology/PEN/tky-2006-y18_d-imported/dc_2006_330_1200+0900_TKY__y18_d.jpg",2272,1704,1288929,0.353548916463932
"326","/Users/alles/Workspace/phenology/PEN/tky-2006-y18_d-imported/dc_2006_331_1200+0900_TKY__y18_d.jpg",2272,1704,1288929,0.328054587993145
"327","/Users/alles/Workspace/phenology/PEN/tky-2006-y18_d-imported/dc_2006_332_1200+0900_TKY__y18_d.jpg",2272,1704,1288929,0.35884022677161
"328","/Users/alles/Workspace/phenology/PEN/tky-2006-y18_d-imported/dc_2006_333_1200+0900_TKY__y18_d.jpg",2272,1704,1288929,0.350068295382932
"329","/Users/alles/Workspace/phenology/PEN/tky-2006-y18_d-imported/dc_2006_334_1200+0900_TKY__y18_d.jpg",2272,1704,1288929,0.348224070711769
"330","/Users/alles/Workspace/phenology/PEN/tky-2006-y18_d-imported/dc_2006_335_1200+0900_TKY__y18_d.jpg",2272,1704,1288929,0.337314187047467
"331","/Users/alles/Workspace/phenology/PEN/tky-2006-y18_d-imported/dc_2006_336_1200+0900_TKY__y18_d.jpg",2272,1704,1288929,0.324896591426894
"332","/Users/alles/Workspace/phenology/PEN/tky-2006-y18_d-imported/dc_2006_337_1200+0900_TKY__y18_d.jpg",2272,1704,1288929,0.320444939753058
"333","/Users/alles/Workspace/phenology/PEN/tky-2006-y18_d-imported/dc_2006_338_1200+0900_TKY__y18_d.jpg",2272,1704,1288929,0.319107894222734
"334","/Users/alles/Workspace/phenology/PEN/tky-2006-y18_d-imported/dc_2006_339_1200+0900_TKY__y18_d.jpg",2272,1704,1288929,0.328982100443383
"335","/Users/alles/Workspace/phenology/PEN/tky-2006-y18_d-imported/dc_2006_340_1200+0900_TKY__y18_d.jpg",2272,1704,1288929,0.32901552940661
"336","/Users/alles/Workspace/phenology/PEN/tky-2006-y18_d-imported/dc_2006_341_1200+0900_TKY__y18_d.jpg",2272,1704,1288929,0.323506815045138
"337","/Users/alles/Workspace/phenology/PEN/tky-2006-y18_d-imported/dc_2006_342_1200+0900_TKY__y18_d.jpg",2272,1704,1288929,0.313641245725261
"338","/Users/alles/Workspace/phenology/PEN/tky-2006-y18_d-imported/dc_2006_343_1200+0900_TKY__y18_d.jpg",2272,1704,1288929,0.330882719944587
"339","/Users/alles/Workspace/phenology/PEN/tky-2006-y18_d-imported/dc_2006_344_1201+0900_TKY__y18_d.jpg",2272,1704,1288929,0.323455311497953
"340","/Users/alles/Workspace/phenology/PEN/tky-2006-y18_d-imported/dc_2006_345_1200+0900_TKY__y18_d.jpg",2272,1704,1288929,0.342949050204978
"341","/Users/alles/Workspace/phenology/PEN/tky-2006-y18_d-imported/dc_2006_346_1200+0900_TKY__y18_d.jpg",2272,1704,1288929,0.305520574241341
"342","/Users/alles/Workspace/phenology/PEN/tky-2006-y18_d-imported/dc_2006_347_1200+0900_TKY__y18_d.jpg",2272,1704,1288929,0.330116586052397
"343","/Users/alles/Workspace/phenology/PEN/tky-2006-y18_d-imported/dc_2006_348_1200+0900_TKY__y18_d.jpg",2272,1704,1288929,0.329767496007487
"344","/Users/alles/Workspace/phenology/PEN/tky-2006-y18_d-imported/dc_2006_349_1200+0900_TKY__y18_d.jpg",2272,1704,1288929,0.326937760065569
"345","/Users/alles/Workspace/phenology/PEN/tky-2006-y18_d-imported/dc_2006_350_1200+0900_TKY__y18_d.jpg",2272,1704,1288929,0.33888885782793
"346","/Users/alles/Workspace/phenology/PEN/tky-2006-y18_d-imported/dc_2006_351_1200+0900_TKY__y18_d.jpg",2272,1704,1288929,0.315711237307485
"347","/Users/alles/Workspace/phenology/PEN/tky-2006-y18_d-imported/dc_2006_352_1200+0900_TKY__y18_d.jpg",2272,1704,1288929,0.317055108097174
"348","/Users/alles/Workspace/phenology/PEN/tky-2006-y18_d-imported/dc_2006_353_1200+0900_TKY__y18_d.jpg",2272,1704,1288929,0.327062668245253
"349","/Users/alles/Workspace/phenology/PEN/tky-2006-y18_d-imported/dc_2006_354_1200+0900_TKY__y18_d.jpg",2272,1704,1288929,0.333102449816783
"350","/Users/alles/Workspace/phenology/PEN/tky-2006-y18_d-imported/dc_2006_355_1200+0900_TKY__y18_d.jpg",2272,1704,1288929,0.329540811004798
"351","/Users/alles/Workspace/phenology/PEN/tky-2006-y18_d-imported/dc_2006_356_1200+0900_TKY__y18_d.jpg",2272,1704,1288929,0.320099632196772
"352","/Users/alles/Workspace/phenology/PEN/tky-2006-y18_d-imported/dc_2006_357_1200+0900_TKY__y18_d.jpg",2272,1704,1288929,0.32841781628889
"353","/Users/alles/Workspace/phenology/PEN/tky-2006-y18_d-imported/dc_2006_358_1200+0900_TKY__y18_d.jpg",2272,1704,1288929,0.327416287703692
"354","/Users/alles/Workspace/phenology/PEN/tky-2006-y18_d-imported/dc_2006_359_1200+0900_TKY__y18_d.jpg",2272,1704,1288929,0.334113552453816
"355","/Users/alles/Workspace/phenology/PEN/tky-2006-y18_d-imported/dc_2006_360_1200+0900_TKY__y18_d.jpg",2272,1704,1288929,0.332385058820745
"356","/Users/alles/Workspace/phenology/PEN/tky-2006-y18_d-imported/dc_2006_361_1200+0900_TKY__y18_d.jpg",2272,1704,1288929,0.324276106105307
"357","/Users/alles/Workspace/phenology/PEN/tky-2006-y18_d-imported/dc_2006_362_1200+0900_TKY__y18_d.jpg",2272,1704,1288929,0.311706766074445
"358","/Users/alles/Workspace/phenology/PEN/tky-2006-y18_d-imported/dc_2006_363_1200+0900_TKY__y18_d.jpg",2272,1704,1288929,0.310491617569784
"359","/Users/alles/Workspace/phenology/PEN/tky-2006-y18_d-imported/dc_2006_364_1200+0900_TKY__y18_d.jpg",2272,1704,1288929,0.32085152021846
"360","/Users/alles/Workspace/phenology/PEN/tky-2006-y18_d-imported/dc_2006_365_1200+0900_TKY__y18_d.jpg",2272,1704,1288929,0.322237258531435
